trainer_id;opp_name_ger;opp_name_eng;opp_type1;opp_type2;opp_level;opp_att1_ger;opp_att2_ger;opp_att3_ger;opp_att4_ger;opp_att1;opp_att2;opp_att3;opp_att4;type_att1;type_att2;type_att3;type_att4;dam_att1;dam_att2;dam_att3;dam_att4;bu_type1;bu_type2;att1_type_bu_type1;att2_type_bu_type1;att3_type_bu_type1;att4_type_bu_type1;att1_type_bu_type2;att2_type_bu_type2;att3_type_bu_type2;att4_type_bu_type2;att1_ag_bu_type1;att2_ag_bu_type1;att3_ag_bu_type1;att4_ag_bu_type1;att1_ag_bu_type2;att2_ag_bu_type2;att3_ag_bu_type2;att4_ag_bu_type2;att1_ag_bu_types_multiplied;att2_ag_bu_types_multiplied;att3_ag_bu_types_multiplied;att4_ag_bu_types_multiplied;bu_max_disad_in_def;bu_att_type1;bu_att_type2;bu_att1_opp_type1;bu_att2_opp_type1;bu_att1_opp_type2;bu_att2_opp_type2;bu_att1_factor_ag_opp_type1;bu_att2_factor_ag_opp_type1;bu_att1_factor_ag_opp_type2;bu_att2_factor_ag_opp_type2;att1_ag_opp_types_multiplied;att2_ag_opp_types_multiplied;bu_max_advan_in_att;bu_max_disad_in_def;bu_sum;bu_sum_cum;sq_sum_cum;ch_sum_cum;ni_sum_cum
2;Hornliu;Weedle;Bug;Poison;9;Giftstachel;Fadenschuss;NA;NA;Poison Sting;String Shot;#NV;#NV;Poison;Bug;#NV;#NV;Poison;no_type-specific_Damage;#NV;#NV;Grass;Poison;PoisonGrass;no_type-specific_DamageGrass;#NV;#NV;PoisonPoison;no_type-specific_DamagePoison;#NV;#NV;2;#NV;#NV;#NV;0.5;#NV;#NV;#NV;1;#NV;#NV;#NV;1;Normal;NA;NormalBug;NABug;NormalPoison;NAPoison;1;#NV;1;#NV;1;#NV;1;1;0;0;0;0;0.5
3;Kleinstein;Geodude;Rock;Ground;12;Tackle;Einigler;NA;NA;Tackle;Defense Curl;#NV;#NV;Normal;Normal;#NV;#NV;Normal;no_type-specific_Damage;#NV;#NV;Grass;Poison;NormalGrass;no_type-specific_DamageGrass;#NV;#NV;NormalPoison;no_type-specific_DamagePoison;#NV;#NV;1;#NV;#NV;#NV;1;#NV;#NV;#NV;1;#NV;#NV;#NV;1;Normal;Grass;NormalRock;GrassRock;NormalGround;GrassGround;0.5;2;1;2;0.5;4;4;1;3;3;3;0;0
3;Onix;Onix;Rock;Ground;14;Tackle;Kreideschrei;Geduld;NA;Tackle;Screech;Bide;#NV;Normal;Normal;Normal;#NV;Normal;no_type-specific_Damage;no_type-specific_Damage;#NV;Grass;Poison;NormalGrass;no_type-specific_DamageGrass;no_type-specific_DamageGrass;#NV;NormalPoison;no_type-specific_DamagePoison;no_type-specific_DamagePoison;#NV;1;#NV;#NV;#NV;1;#NV;#NV;#NV;1;#NV;#NV;#NV;1;Normal;Grass;NormalRock;GrassRock;NormalGround;GrassGround;0.5;2;1;2;0.5;4;4;1;3;6;6;0;-0.5
4;Raupy;Caterpie;Bug;NA;10;Tackle;Fadenschuss;NA;NA;Tackle;String Shot;#NV;#NV;Normal;Bug;#NV;#NV;Normal;no_type-specific_Damage;#NV;#NV;Grass;Poison;NormalGrass;no_type-specific_DamageGrass;#NV;#NV;NormalPoison;no_type-specific_DamagePoison;#NV;#NV;1;#NV;#NV;#NV;1;#NV;#NV;#NV;1;#NV;#NV;#NV;1;Normal;Grass;NormalBug;GrassBug;NormalNA;GrassNA;1;0.5;#NV;#NV;1;0.5;1;1;0;6;6;1;-0.5
4;Hornliu;Weedle;Bug;Poison;10;Giftstachel;Fadenschuss;NA;NA;Poison Sting;String Shot;#NV;#NV;Poison;Bug;#NV;#NV;Poison;no_type-specific_Damage;#NV;#NV;Grass;Poison;PoisonGrass;no_type-specific_DamageGrass;#NV;#NV;PoisonPoison;no_type-specific_DamagePoison;#NV;#NV;2;#NV;#NV;#NV;0.5;#NV;#NV;#NV;1;#NV;#NV;#NV;1;Normal;Grass;NormalBug;GrassBug;NormalPoison;GrassPoison;1;0.5;1;0.5;1;0.25;1;1;0;6;6;2;0
4;Raupy;Caterpie;Bug;NA;10;Tackle;Fadenschuss;NA;NA;Tackle;String Shot;#NV;#NV;Normal;Bug;#NV;#NV;Normal;no_type-specific_Damage;#NV;#NV;Grass;Poison;NormalGrass;no_type-specific_DamageGrass;#NV;#NV;NormalPoison;no_type-specific_DamagePoison;#NV;#NV;1;#NV;#NV;#NV;1;#NV;#NV;#NV;1;#NV;#NV;#NV;1;Normal;Grass;NormalBug;GrassBug;NormalNA;GrassNA;1;0.5;#NV;#NV;1;0.5;1;1;0;6;6;3;0
5;Rattfratz;Rattata;Normal;NA;11;Tackle;Rutenschlag;Ruckzuckhieb;NA;Tackle;Tail Whip;Quick Attack;#NV;Normal;Normal;Normal;#NV;Normal;no_type-specific_Damage;Normal;#NV;Grass;Poison;NormalGrass;no_type-specific_DamageGrass;NormalGrass;#NV;NormalPoison;no_type-specific_DamagePoison;NormalPoison;#NV;1;#NV;1;#NV;1;#NV;1;#NV;1;#NV;1;#NV;1;Normal;Grass;NormalNormal;GrassNormal;NormalNA;GrassNA;1;1;#NV;#NV;1;1;1;1;0;6;6;3;0
5;Rettan;Ekans;Poison;NA;11;Wickel;Silberblick;Giftstachel;NA;Wrap;Leer;Poison Sting;#NV;Normal;Normal;Poison;#NV;Normal;no_type-specific_Damage;Poison;#NV;Grass;Poison;NormalGrass;no_type-specific_DamageGrass;PoisonGrass;#NV;NormalPoison;no_type-specific_DamagePoison;PoisonPoison;#NV;1;#NV;2;#NV;1;#NV;0.5;#NV;1;#NV;1;#NV;1;Normal;Grass;NormalPoison;GrassPoison;NormalNA;GrassNA;1;0.5;#NV;#NV;1;0.5;1;1;0;6;6;3;0
6;Hornliu;Weedle;Bug;Poison;9;Giftstachel;Fadenschuss;NA;NA;Poison Sting;String Shot;#NV;#NV;Poison;Bug;#NV;#NV;Poison;no_type-specific_Damage;#NV;#NV;Grass;Poison;PoisonGrass;no_type-specific_DamageGrass;#NV;#NV;PoisonPoison;no_type-specific_DamagePoison;#NV;#NV;2;#NV;#NV;#NV;0.5;#NV;#NV;#NV;1;#NV;#NV;#NV;1;Normal;Grass;NormalBug;GrassBug;NormalPoison;GrassPoison;1;0.5;1;0.5;1;0.25;1;1;0;6;6;4;0.5
6;Kokuna;Kakuna;Bug;Poison;9;HÑrtner;NA;NA;NA;Harden;#NV;#NV;#NV;Normal;#NV;#NV;#NV;no_type-specific_Damage;#NV;#NV;#NV;Grass;Poison;no_type-specific_DamageGrass;#NV;#NV;#NV;no_type-specific_DamagePoison;#NV;#NV;#NV;#NV;#NV;#NV;#NV;#NV;#NV;#NV;#NV;#NV;#NV;#NV;#NV;0;Normal;Grass;NormalBug;GrassBug;NormalPoison;GrassPoison;1;0.5;1;0.5;1;0.25;1;0;1;7;7;6;1.5
6;Raupy;Caterpie;Bug;NA;9;Tackle;Fadenschuss;NA;NA;Tackle;String Shot;#NV;#NV;Normal;Bug;#NV;#NV;Normal;no_type-specific_Damage;#NV;#NV;Grass;Poison;NormalGrass;no_type-specific_DamageGrass;#NV;#NV;NormalPoison;no_type-specific_DamagePoison;#NV;#NV;1;#NV;#NV;#NV;1;#NV;#NV;#NV;1;#NV;#NV;#NV;1;Normal;Grass;NormalBug;GrassBug;NormalNA;GrassNA;1;0.5;#NV;#NV;1;0.5;1;1;0;7;7;7;1.5
6;Safcon;Metapod;Bug;NA;9;HÑrtner;NA;NA;NA;Harden;#NV;#NV;#NV;Normal;#NV;#NV;#NV;no_type-specific_Damage;#NV;#NV;#NV;Grass;Poison;no_type-specific_DamageGrass;#NV;#NV;#NV;no_type-specific_DamagePoison;#NV;#NV;#NV;#NV;#NV;#NV;#NV;#NV;#NV;#NV;#NV;#NV;#NV;#NV;#NV;0;Normal;Grass;NormalBug;GrassBug;NormalNA;GrassNA;1;0.5;#NV;#NV;1;0.5;1;0;1;8;8;9;2.5
7;Raupy;Caterpie;Bug;NA;11;Tackle;Fadenschuss;NA;NA;Tackle;String Shot;#NV;#NV;Normal;Bug;#NV;#NV;Normal;no_type-specific_Damage;#NV;#NV;Grass;Poison;NormalGrass;no_type-specific_DamageGrass;#NV;#NV;NormalPoison;no_type-specific_DamagePoison;#NV;#NV;1;#NV;#NV;#NV;1;#NV;#NV;#NV;1;#NV;#NV;#NV;1;Normal;Grass;NormalBug;GrassBug;NormalNA;GrassNA;1;0.5;#NV;#NV;1;0.5;1;1;0;8;8;10;2.5
7;Safcon;Metapod;Bug;NA;11;HÑrtner;NA;NA;NA;Harden;#NV;#NV;#NV;Normal;#NV;#NV;#NV;no_type-specific_Damage;#NV;#NV;#NV;Grass;Poison;no_type-specific_DamageGrass;#NV;#NV;#NV;no_type-specific_DamagePoison;#NV;#NV;#NV;#NV;#NV;#NV;#NV;#NV;#NV;#NV;#NV;#NV;#NV;#NV;#NV;0;Normal;Grass;NormalBug;GrassBug;NormalNA;GrassNA;1;0.5;#NV;#NV;1;0.5;1;0;1;9;9;12;3.5
8;Rattfratz;Rattata;Normal;NA;13;Tackle;Rutenschlag;Ruckzuckhieb;NA;Tackle;Tail Whip;Quick Attack;#NV;Normal;Normal;Normal;#NV;Normal;no_type-specific_Damage;Normal;#NV;Grass;Poison;NormalGrass;no_type-specific_DamageGrass;NormalGrass;#NV;NormalPoison;no_type-specific_DamagePoison;NormalPoison;#NV;1;#NV;1;#NV;1;#NV;1;#NV;1;#NV;1;#NV;1;Normal;Grass;NormalNormal;GrassNormal;NormalNA;GrassNA;1;1;#NV;#NV;1;1;1;1;0;9;9;12;3.5
8;Zubat;Zubat;Poison;Flying;13;Blutsauger;Superschall;NA;NA;Leech Life;Supersonic;#NV;#NV;Bug;Normal;#NV;#NV;Bug;no_type-specific_Damage;#NV;#NV;Grass;Poison;BugGrass;no_type-specific_DamageGrass;#NV;#NV;BugPoison;no_type-specific_DamagePoison;#NV;#NV;2;#NV;#NV;#NV;2;#NV;#NV;#NV;4;#NV;#NV;#NV;4;Normal;Grass;NormalPoison;GrassPoison;NormalFlying;GrassFlying;1;0.5;1;0.5;1;0.25;1;4;-3;6;9;12.5;2.5
9;Sleima;Grimer;Poison;NA;12;Pfund;Aussetzer;NA;NA;Pound;Disable;#NV;#NV;Normal;Normal;#NV;#NV;Normal;no_type-specific_Damage;#NV;#NV;Grass;Poison;NormalGrass;no_type-specific_DamageGrass;#NV;#NV;NormalPoison;no_type-specific_DamagePoison;#NV;#NV;1;#NV;#NV;#NV;1;#NV;#NV;#NV;1;#NV;#NV;#NV;1;Normal;Grass;NormalPoison;GrassPoison;NormalNA;GrassNA;1;0.5;#NV;#NV;1;0.5;1;1;0;6;9;12.5;2.5
9;Voltobal;Voltorb;Electric;NA;12;Tackle;Kreideschrei;NA;NA;Tackle;Screech;#NV;#NV;Normal;Normal;#NV;#NV;Normal;no_type-specific_Damage;#NV;#NV;Grass;Poison;NormalGrass;no_type-specific_DamageGrass;#NV;#NV;NormalPoison;no_type-specific_DamagePoison;#NV;#NV;1;#NV;#NV;#NV;1;#NV;#NV;#NV;1;#NV;#NV;#NV;1;Normal;Grass;NormalElectric;GrassElectric;NormalNA;GrassNA;1;1;#NV;#NV;1;1;1;1;0;6;9;12.5;2.5
9;Smogon;Koffing;Poison;NA;12;Tackle;Smog;NA;NA;Tackle;Smog;#NV;#NV;Normal;Poison;#NV;#NV;Normal;Poison;#NV;#NV;Grass;Poison;NormalGrass;PoisonGrass;#NV;#NV;NormalPoison;PoisonPoison;#NV;#NV;1;2;#NV;#NV;1;0.5;#NV;#NV;1;1;#NV;#NV;1;Normal;Grass;NormalPoison;GrassPoison;NormalNA;GrassNA;1;0.5;#NV;#NV;1;0.5;1;1;0;6;9;12.5;2.5
10;Tauboga;Pidgeotto;Normal;Flying;18;Windstoss;Sandwirbel;Ruckzuckhieb;NA;Gust;Sand Attack;Quick Attack;#NV;Normal;Normal;Normal;#NV;Normal;no_type-specific_Damage;Normal;#NV;Grass;Poison;NormalGrass;no_type-specific_DamageGrass;NormalGrass;#NV;NormalPoison;no_type-specific_DamagePoison;NormalPoison;#NV;1;#NV;1;#NV;1;#NV;1;#NV;1;#NV;1;#NV;1;Normal;Grass;NormalNormal;GrassNormal;NormalFlying;GrassFlying;1;1;1;0.5;1;0.5;1;1;0;6;9;12.5;2.5
10;Abra;Abra;Psychic;NA;15;Teleport;NA;NA;NA;Teleport;#NV;#NV;#NV;Psychic;#NV;#NV;#NV;no_type-specific_Damage;#NV;#NV;#NV;Grass;Poison;no_type-specific_DamageGrass;#NV;#NV;#NV;no_type-specific_DamagePoison;#NV;#NV;#NV;#NV;#NV;#NV;#NV;#NV;#NV;#NV;#NV;#NV;#NV;#NV;#NV;0;Normal;Grass;NormalPsychic;GrassPsychic;NormalNA;GrassNA;1;1;#NV;#NV;1;1;1;0;1;7;10;13.5;3.5
10;Rattfratz;Rattata;Normal;NA;15;Tackle;Rutenschlag;Ruckzuckhieb;Hyperzahn;Tackle;Tail Whip;Quick Attack;Hyper Fang;Normal;Normal;Normal;Normal;Normal;no_type-specific_Damage;Normal;Normal;Grass;Poison;NormalGrass;no_type-specific_DamageGrass;NormalGrass;NormalGrass;NormalPoison;no_type-specific_DamagePoison;NormalPoison;NormalPoison;1;#NV;1;1;1;#NV;1;1;1;#NV;1;1;1;Normal;Grass;NormalNormal;GrassNormal;NormalNA;GrassNA;1;1;#NV;#NV;1;1;1;1;0;7;10;13.5;3.5
10;Glumanda;Charmander;Fire;NA;17;Kratzer;Heuler;Glut;Silberblick;Scratch;Growl;Ember;Leer;Normal;Normal;Fire;Normal;Normal;no_type-specific_Damage;Fire;no_type-specific_Damage;Grass;Poison;NormalGrass;no_type-specific_DamageGrass;FireGrass;no_type-specific_DamageGrass;NormalPoison;no_type-specific_DamagePoison;FirePoison;no_type-specific_DamagePoison;1;#NV;2;#NV;1;#NV;1;#NV;1;#NV;2;#NV;2;Normal;Grass;NormalFire;GrassFire;NormalNA;GrassNA;1;0.5;#NV;#NV;1;0.5;1;2;-1;6;9;12.5;3.5
11;Raupy;Caterpie;Bug;NA;14;Tackle;Fadenschuss;NA;NA;Tackle;String Shot;#NV;#NV;Normal;Bug;#NV;#NV;Normal;no_type-specific_Damage;#NV;#NV;Grass;Poison;NormalGrass;no_type-specific_DamageGrass;#NV;#NV;NormalPoison;no_type-specific_DamagePoison;#NV;#NV;1;#NV;#NV;#NV;1;#NV;#NV;#NV;1;#NV;#NV;#NV;1;Normal;Grass;NormalBug;GrassBug;NormalNA;GrassNA;1;0.5;#NV;#NV;1;0.5;1;1;0;6;9;13.5;4.5
11;Hornliu;Weedle;Bug;Poison;14;Giftstachel;Fadenschuss;NA;NA;Poison Sting;String Shot;#NV;#NV;Poison;Bug;#NV;#NV;Poison;no_type-specific_Damage;#NV;#NV;Grass;Poison;PoisonGrass;no_type-specific_DamageGrass;#NV;#NV;PoisonPoison;no_type-specific_DamagePoison;#NV;#NV;2;#NV;#NV;#NV;0.5;#NV;#NV;#NV;1;#NV;#NV;#NV;1;Normal;Grass;NormalBug;GrassBug;NormalPoison;GrassPoison;1;0.5;1;0.5;1;0.25;1;1;0;6;9;14.5;5.25
12;Taubsi;Pidgey;Normal;Flying;14;Windstoss;Sandwirbel;Ruckzuckhieb;NA;Gust;Sand Attack;Quick Attack;#NV;Normal;Normal;Normal;#NV;Normal;no_type-specific_Damage;Normal;#NV;Grass;Poison;NormalGrass;no_type-specific_DamageGrass;NormalGrass;#NV;NormalPoison;no_type-specific_DamagePoison;NormalPoison;#NV;1;#NV;1;#NV;1;#NV;1;#NV;1;#NV;1;#NV;1;Normal;Grass;NormalNormal;GrassNormal;NormalFlying;GrassFlying;1;1;1;0.5;1;0.5;1;1;0;6;9;14.5;5.25
12;Nidoran?;Nidoran?;Poison;NA;14;Heuler;Tackle;Kratzer;Giftstachel;Growl;Tackle;Scratch;Poison Sting;Normal;Normal;Normal;Poison;no_type-specific_Damage;Normal;Normal;Poison;Grass;Poison;no_type-specific_DamageGrass;NormalGrass;NormalGrass;PoisonGrass;no_type-specific_DamagePoison;NormalPoison;NormalPoison;PoisonPoison;#NV;1;1;2;#NV;1;1;0.5;#NV;1;1;1;1;Normal;Grass;NormalPoison;GrassPoison;NormalNA;GrassNA;1;0.5;#NV;#NV;1;0.5;1;1;0;6;9;14.5;5.25
13;Rattfratz;Rattata;Normal;NA;14;Tackle;Rutenschlag;Ruckzuckhieb;Hyperzahn;Tackle;Tail Whip;Quick Attack;Hyper Fang;Normal;Normal;Normal;Normal;Normal;no_type-specific_Damage;Normal;Normal;Grass;Poison;NormalGrass;no_type-specific_DamageGrass;NormalGrass;NormalGrass;NormalPoison;no_type-specific_DamagePoison;NormalPoison;NormalPoison;1;#NV;1;1;1;#NV;1;1;1;#NV;1;1;1;Normal;Grass;NormalNormal;GrassNormal;NormalNA;GrassNA;1;1;#NV;#NV;1;1;1;1;0;6;9;14.5;5.25
13;Rettan;Ekans;Poison;NA;14;Wickel;Silberblick;Giftstachel;NA;Wrap;Leer;Poison Sting;#NV;Normal;Normal;Poison;#NV;Normal;no_type-specific_Damage;Poison;#NV;Grass;Poison;NormalGrass;no_type-specific_DamageGrass;PoisonGrass;#NV;NormalPoison;no_type-specific_DamagePoison;PoisonPoison;#NV;1;#NV;2;#NV;1;#NV;0.5;#NV;1;#NV;1;#NV;1;Normal;Grass;NormalPoison;GrassPoison;NormalNA;GrassNA;1;0.5;#NV;#NV;1;0.5;1;1;0;6;9;14.5;5.25
13;Zubat;Zubat;Poison;Flying;14;Blutsauger;Superschall;NA;NA;Leech Life;Supersonic;#NV;#NV;Bug;Normal;#NV;#NV;Bug;no_type-specific_Damage;#NV;#NV;Grass;Poison;BugGrass;no_type-specific_DamageGrass;#NV;#NV;BugPoison;no_type-specific_DamagePoison;#NV;#NV;2;#NV;#NV;#NV;2;#NV;#NV;#NV;4;#NV;#NV;#NV;4;Normal;Grass;NormalPoison;GrassPoison;NormalFlying;GrassFlying;1;0.5;1;0.5;1;0.25;1;4;-3;3;9;15;4.25
14;Taubsi;Pidgey;Normal;Flying;16;Windstoss;Sandwirbel;Ruckzuckhieb;NA;Gust;Sand Attack;Quick Attack;#NV;Normal;Normal;Normal;#NV;Normal;no_type-specific_Damage;Normal;#NV;Grass;Poison;NormalGrass;no_type-specific_DamageGrass;NormalGrass;#NV;NormalPoison;no_type-specific_DamagePoison;NormalPoison;#NV;1;#NV;1;#NV;1;#NV;1;#NV;1;#NV;1;#NV;1;Normal;Grass;NormalNormal;GrassNormal;NormalFlying;GrassFlying;1;1;1;0.5;1;0.5;1;1;0;3;9;15;4.25
14;Nidoran?;Nidoran?;Poison;NA;16;Heuler;Tackle;Kratzer;Giftstachel;Growl;Tackle;Scratch;Poison Sting;Normal;Normal;Normal;Poison;no_type-specific_Damage;Normal;Normal;Poison;Grass;Poison;no_type-specific_DamageGrass;NormalGrass;NormalGrass;PoisonGrass;no_type-specific_DamagePoison;NormalPoison;NormalPoison;PoisonPoison;#NV;1;1;2;#NV;1;1;0.5;#NV;1;1;1;1;Normal;Grass;NormalPoison;GrassPoison;NormalNA;GrassNA;1;0.5;#NV;#NV;1;0.5;1;1;0;3;9;15;4.25
15;Menki;Mankey;Fighting;NA;18;Kratzer;Silberblick;Karateschlag;NA;Scratch;Leer;Karate Chop;#NV;Normal;Normal;Normal;#NV;Normal;no_type-specific_Damage;Normal;#NV;Grass;Poison;NormalGrass;no_type-specific_DamageGrass;NormalGrass;#NV;NormalPoison;no_type-specific_DamagePoison;NormalPoison;#NV;1;#NV;1;#NV;1;#NV;1;#NV;1;#NV;1;#NV;1;Normal;Grass;NormalFighting;GrassFighting;NormalNA;GrassNA;1;1;#NV;#NV;1;1;1;1;0;3;9;15;4.25
16;Rettan;Ekans;Poison;NA;15;Wickel;Silberblick;Giftstachel;NA;Wrap;Leer;Poison Sting;#NV;Normal;Normal;Poison;#NV;Normal;no_type-specific_Damage;Poison;#NV;Grass;Poison;NormalGrass;no_type-specific_DamageGrass;PoisonGrass;#NV;NormalPoison;no_type-specific_DamagePoison;PoisonPoison;#NV;1;#NV;2;#NV;1;#NV;0.5;#NV;1;#NV;1;#NV;1;Normal;Grass;NormalPoison;GrassPoison;NormalNA;GrassNA;1;0.5;#NV;#NV;1;0.5;1;1;0;3;9;15;4.25
16;Zubat;Zubat;Poison;Flying;15;Blutsauger;Superschall;Biss;NA;Leech Life;Supersonic;Bite;#NV;Bug;Normal;Normal;#NV;Bug;no_type-specific_Damage;Normal;#NV;Grass;Poison;BugGrass;no_type-specific_DamageGrass;NormalGrass;#NV;BugPoison;no_type-specific_DamagePoison;NormalPoison;#NV;2;#NV;1;#NV;2;#NV;1;#NV;4;#NV;1;#NV;4;Normal;Grass;NormalPoison;GrassPoison;NormalFlying;GrassFlying;1;0.5;1;0.5;1;0.25;1;4;-3;0;9;15;3.25
17;Onix;Onix;Rock;Ground;17;Tackle;Kreideschrei;Klammergriff;NA;Tackle;Screech;Bind;#NV;Normal;Normal;Normal;#NV;Normal;no_type-specific_Damage;Normal;#NV;Grass;Poison;NormalGrass;no_type-specific_DamageGrass;NormalGrass;#NV;NormalPoison;no_type-specific_DamagePoison;NormalPoison;#NV;1;#NV;1;#NV;1;#NV;1;#NV;1;#NV;1;#NV;1;Normal;Grass;NormalRock;GrassRock;NormalGround;GrassGround;0.5;2;1;2;0.5;4;4;1;3;3;12;15;6.25
18;Nidoran?;Nidoran?;Poison;NA;15;Silberblick;Tackle;Hornattacke;Giftstachel;Leer;Tackle;Horn Attack;Poison Sting;Normal;Normal;Normal;Poison;no_type-specific_Damage;Normal;Normal;Poison;Grass;Poison;no_type-specific_DamageGrass;NormalGrass;NormalGrass;PoisonGrass;no_type-specific_DamagePoison;NormalPoison;NormalPoison;PoisonPoison;#NV;1;1;2;#NV;1;1;0.5;#NV;1;1;1;1;Normal;Grass;NormalPoison;GrassPoison;NormalNA;GrassNA;1;0.5;#NV;#NV;1;0.5;1;1;0;3;12;15;6.25
18;Nidoran?;Nidoran?;Poison;NA;15;Heuler;Tackle;Kratzer;Giftstachel;Growl;Tackle;Scratch;Poison Sting;Normal;Normal;Normal;Poison;no_type-specific_Damage;Normal;Normal;Poison;Grass;Poison;no_type-specific_DamageGrass;NormalGrass;NormalGrass;PoisonGrass;no_type-specific_DamagePoison;NormalPoison;NormalPoison;PoisonPoison;#NV;1;1;2;#NV;1;1;0.5;#NV;1;1;1;1;Normal;Grass;NormalPoison;GrassPoison;NormalNA;GrassNA;1;0.5;#NV;#NV;1;0.5;1;1;0;3;12;15;6.25
19;Kleinstein;Geodude;Rock;Ground;13;Tackle;Einigler;NA;NA;Tackle;Defense Curl;#NV;#NV;Normal;Normal;#NV;#NV;Normal;no_type-specific_Damage;#NV;#NV;Grass;Poison;NormalGrass;no_type-specific_DamageGrass;#NV;#NV;NormalPoison;no_type-specific_DamagePoison;#NV;#NV;1;#NV;#NV;#NV;1;#NV;#NV;#NV;1;#NV;#NV;#NV;1;Normal;Grass;NormalRock;GrassRock;NormalGround;GrassGround;0.5;2;1;2;0.5;4;4;1;3;6;15;15;9.25
19;Kleinstein;Geodude;Rock;Ground;13;Tackle;Einigler;NA;NA;Tackle;Defense Curl;#NV;#NV;Normal;Normal;#NV;#NV;Normal;no_type-specific_Damage;#NV;#NV;Grass;Poison;NormalGrass;no_type-specific_DamageGrass;#NV;#NV;NormalPoison;no_type-specific_DamagePoison;#NV;#NV;1;#NV;#NV;#NV;1;#NV;#NV;#NV;1;#NV;#NV;#NV;1;Normal;Grass;NormalRock;GrassRock;NormalGround;GrassGround;0.5;2;1;2;0.5;4;4;1;3;9;18;15;12.25
19;Machollo;Machop;Fighting;NA;13;Karateschlag;NA;NA;NA;Karate Chop;#NV;#NV;#NV;Normal;#NV;#NV;#NV;Normal;#NV;#NV;#NV;Grass;Poison;NormalGrass;#NV;#NV;#NV;NormalPoison;#NV;#NV;#NV;1;#NV;#NV;#NV;1;#NV;#NV;#NV;1;#NV;#NV;#NV;1;Normal;Grass;NormalFighting;GrassFighting;NormalNA;GrassNA;1;1;#NV;#NV;1;1;1;1;0;9;18;15;12.25
19;Kleinstein;Geodude;Rock;Ground;13;Tackle;Einigler;NA;NA;Tackle;Defense Curl;#NV;#NV;Normal;Normal;#NV;#NV;Normal;no_type-specific_Damage;#NV;#NV;Grass;Poison;NormalGrass;no_type-specific_DamageGrass;#NV;#NV;NormalPoison;no_type-specific_DamagePoison;#NV;#NV;1;#NV;#NV;#NV;1;#NV;#NV;#NV;1;#NV;#NV;#NV;1;Normal;Grass;NormalRock;GrassRock;NormalGround;GrassGround;0.5;2;1;2;0.5;4;4;1;3;12;21;15;15.25
20;Myrapla;Oddish;Grass;Poison;13;Absorber;NA;NA;NA;Absorb;#NV;#NV;#NV;Grass;#NV;#NV;#NV;Grass;#NV;#NV;#NV;Grass;Poison;GrassGrass;#NV;#NV;#NV;GrassPoison;#NV;#NV;#NV;0.5;#NV;#NV;#NV;0.5;#NV;#NV;#NV;0.25;#NV;#NV;#NV;0.25;Normal;Grass;NormalGrass;GrassGrass;NormalPoison;GrassPoison;1;0.5;1;0.5;1;0.25;1;0.25;0.75;12.75;20;16.5;15.25
20;Taubsi;Pidgey;Normal;Flying;13;Windstoss;Sandwirbel;Ruckzuckhieb;NA;Gust;Sand Attack;Quick Attack;#NV;Normal;Normal;Normal;#NV;Normal;no_type-specific_Damage;Normal;#NV;Grass;Poison;NormalGrass;no_type-specific_DamageGrass;NormalGrass;#NV;NormalPoison;no_type-specific_DamagePoison;NormalPoison;#NV;1;#NV;1;#NV;1;#NV;1;#NV;1;#NV;1;#NV;1;Normal;Grass;NormalNormal;GrassNormal;NormalFlying;GrassFlying;1;1;1;0.5;1;0.5;1;1;0;12.75;20;16.5;15.25
20;Myrapla;Oddish;Grass;Poison;13;Absorber;NA;NA;NA;Absorb;#NV;#NV;#NV;Grass;#NV;#NV;#NV;Grass;#NV;#NV;#NV;Grass;Poison;GrassGrass;#NV;#NV;#NV;GrassPoison;#NV;#NV;#NV;0.5;#NV;#NV;#NV;0.5;#NV;#NV;#NV;0.25;#NV;#NV;#NV;0.25;Normal;Grass;NormalGrass;GrassGrass;NormalPoison;GrassPoison;1;0.5;1;0.5;1;0.25;1;0.25;0.75;13.5;19;18;15.25
21;Machollo;Machop;Fighting;NA;17;Karateschlag;NA;NA;NA;Karate Chop;#NV;#NV;#NV;Normal;#NV;#NV;#NV;Normal;#NV;#NV;#NV;Grass;Poison;NormalGrass;#NV;#NV;#NV;NormalPoison;#NV;#NV;#NV;1;#NV;#NV;#NV;1;#NV;#NV;#NV;1;#NV;#NV;#NV;1;Normal;Grass;NormalFighting;GrassFighting;NormalNA;GrassNA;1;1;#NV;#NV;1;1;1;1;0;13.5;19;18;15.25
21;Traumato;Drowzee;Psychic;NA;17;Pfund;Hypnose;Aussetzer;Konfusion;Pound;Hypnosis;Disable;Confusion;Normal;Psychic;Normal;Psychic;Normal;no_type-specific_Damage;no_type-specific_Damage;Psychic;Grass;Poison;NormalGrass;no_type-specific_DamageGrass;no_type-specific_DamageGrass;PsychicGrass;NormalPoison;no_type-specific_DamagePoison;no_type-specific_DamagePoison;PsychicPoison;1;#NV;#NV;1;1;#NV;#NV;2;1;#NV;#NV;2;2;Normal;Grass;NormalPsychic;GrassPsychic;NormalNA;GrassNA;1;1;#NV;#NV;1;1;1;2;-1;12.5;19;18;14.25
22;Goldini;Goldeen;Water;NA;19;Schnabel;Rutenschlag;Superschall;NA;Peck;Tail Whip;Supersonic;#NV;Flying;Normal;Normal;#NV;Flying;no_type-specific_Damage;no_type-specific_Damage;#NV;Grass;Poison;FlyingGrass;no_type-specific_DamageGrass;no_type-specific_DamageGrass;#NV;FlyingPoison;no_type-specific_DamagePoison;no_type-specific_DamagePoison;#NV;2;#NV;#NV;#NV;1;#NV;#NV;#NV;2;#NV;#NV;#NV;2;Normal;Grass;NormalWater;GrassWater;NormalNA;GrassNA;1;2;#NV;#NV;1;2;2;2;0;12.5;19;18;14.25
23;Sterndu;Staryu;Water;NA;18;Tackle;Aquaknarre;NA;NA;Tackle;Water Gun;#NV;#NV;Normal;Water;#NV;#NV;Normal;Water;#NV;#NV;Grass;Poison;NormalGrass;WaterGrass;#NV;#NV;NormalPoison;WaterPoison;#NV;#NV;1;0.5;#NV;#NV;1;1;#NV;#NV;1;0.5;#NV;#NV;1;Normal;Grass;NormalWater;GrassWater;NormalNA;GrassNA;1;2;#NV;#NV;1;2;2;1;1;13.5;19;17;13.25
23;Starmie;Starmie;Water;Psychic;21;Tackle;Aquaknarre;Blubbstrahl;NA;Tackle;Water Gun;Bubble Beam;#NV;Normal;Water;Water;#NV;Normal;Water;Water;#NV;Grass;Poison;NormalGrass;WaterGrass;WaterGrass;#NV;NormalPoison;WaterPoison;WaterPoison;#NV;1;0.5;0.5;#NV;1;1;1;#NV;1;0.5;0.5;#NV;1;Normal;Grass;NormalWater;GrassWater;NormalPsychic;GrassPsychic;1;2;1;1;1;2;2;1;1;14.5;19;16;12.25
24;Taubsi;Pidgey;Normal;Flying;16;Windstoss;Sandwirbel;Ruckzuckhieb;NA;Gust;Sand Attack;Quick Attack;#NV;Normal;Normal;Normal;#NV;Normal;no_type-specific_Damage;Normal;#NV;Grass;Poison;NormalGrass;no_type-specific_DamageGrass;NormalGrass;#NV;NormalPoison;no_type-specific_DamagePoison;NormalPoison;#NV;1;#NV;1;#NV;1;#NV;1;#NV;1;#NV;1;#NV;1;Normal;Grass;NormalNormal;GrassNormal;NormalFlying;GrassFlying;1;1;1;0.5;1;0.5;1;1;0;14.5;19;16;12.25
24;Taubsi;Pidgey;Normal;Flying;16;Windstoss;Sandwirbel;Ruckzuckhieb;NA;Gust;Sand Attack;Quick Attack;#NV;Normal;Normal;Normal;#NV;Normal;no_type-specific_Damage;Normal;#NV;Grass;Poison;NormalGrass;no_type-specific_DamageGrass;NormalGrass;#NV;NormalPoison;no_type-specific_DamagePoison;NormalPoison;#NV;1;#NV;1;#NV;1;#NV;1;#NV;1;#NV;1;#NV;1;Normal;Grass;NormalNormal;GrassNormal;NormalFlying;GrassFlying;1;1;1;0.5;1;0.5;1;1;0;14.5;19;16;12.25
24;Taubsi;Pidgey;Normal;Flying;16;Windstoss;Sandwirbel;Ruckzuckhieb;NA;Gust;Sand Attack;Quick Attack;#NV;Normal;Normal;Normal;#NV;Normal;no_type-specific_Damage;Normal;#NV;Grass;Poison;NormalGrass;no_type-specific_DamageGrass;NormalGrass;#NV;NormalPoison;no_type-specific_DamagePoison;NormalPoison;#NV;1;#NV;1;#NV;1;#NV;1;#NV;1;#NV;1;#NV;1;Normal;Grass;NormalNormal;GrassNormal;NormalFlying;GrassFlying;1;1;1;0.5;1;0.5;1;1;0;14.5;19;16;12.25
25;Habitak;Spearow;Normal;Flying;16;Schnabel;Heuler;Silberblick;Furienschlag;Peck;Growl;Leer;Fury Attack;Flying;Normal;Normal;Normal;Flying;no_type-specific_Damage;no_type-specific_Damage;Normal;Grass;Poison;FlyingGrass;no_type-specific_DamageGrass;no_type-specific_DamageGrass;NormalGrass;FlyingPoison;no_type-specific_DamagePoison;no_type-specific_DamagePoison;NormalPoison;2;#NV;#NV;1;1;#NV;#NV;1;2;#NV;#NV;1;2;Normal;Grass;NormalNormal;GrassNormal;NormalFlying;GrassFlying;1;1;1;0.5;1;0.5;1;2;-1;13.5;19;16;12.25
25;Rattikarl;Raticate;Normal;NA;16;Tackle;Rutenschlag;Ruckzuckhieb;Hyperzahn;Tackle;Tail Whip;Quick Attack;Hyper Fang;Normal;Normal;Normal;Normal;Normal;no_type-specific_Damage;Normal;Normal;Grass;Poison;NormalGrass;no_type-specific_DamageGrass;NormalGrass;NormalGrass;NormalPoison;no_type-specific_DamagePoison;NormalPoison;NormalPoison;1;#NV;1;1;1;#NV;1;1;1;#NV;1;1;1;Normal;Grass;NormalNormal;GrassNormal;NormalNA;GrassNA;1;1;#NV;#NV;1;1;1;1;0;13.5;19;16;12.25
26;Tauboga;Pidgeotto;Normal;Flying;19;Windstoss;Sandwirbel;Ruckzuckhieb;NA;Gust;Sand Attack;Quick Attack;#NV;Normal;Normal;Normal;#NV;Normal;no_type-specific_Damage;Normal;#NV;Grass;Poison;NormalGrass;no_type-specific_DamageGrass;NormalGrass;#NV;NormalPoison;no_type-specific_DamagePoison;NormalPoison;#NV;1;#NV;1;#NV;1;#NV;1;#NV;1;#NV;1;#NV;1;Normal;Grass;NormalNormal;GrassNormal;NormalFlying;GrassFlying;1;1;1;0.5;1;0.5;1;1;0;13.5;19;16;12.25
26;Kadabra;Kadabra;Psychic;NA;18;Teleport;Konfusion;Aussetzer;NA;Teleport;Confusion;Disable;#NV;Normal;Normal;Normal;Normal;Normal;no_type-specific_Damage;Normal;Normal;Grass;Poison;NormalGrass;no_type-specific_DamageGrass;NormalGrass;NormalGrass;NormalPoison;no_type-specific_DamagePoison;NormalPoison;NormalPoison;1;#NV;1;1;1;#NV;1;1;1;#NV;1;1;1;Normal;Grass;NormalPsychic;GrassPsychic;NormalNA;GrassNA;1;1;#NV;#NV;1;1;1;1;0;13.5;19;16;11.25
26;Rattikarl;Raticate;Normal;NA;16;Tackle;Rutenschlag;Ruckzuckhieb;Hyperzahn;Tackle;Tail Whip;Quick Attack;Hyper Fang;Psychic;Psychic;Normal;#NV;no_type-specific_Damage;Psychic;no_type-specific_Damage;#NV;Grass;Poison;no_type-specific_DamageGrass;PsychicGrass;no_type-specific_DamageGrass;#NV;no_type-specific_DamagePoison;PsychicPoison;no_type-specific_DamagePoison;#NV;#NV;1;#NV;#NV;#NV;2;#NV;#NV;#NV;2;#NV;#NV;2;Normal;Grass;NormalNormal;GrassNormal;NormalNA;GrassNA;1;1;#NV;#NV;1;1;1;2;-1;12.5;19;16;11.25
26;Glutexo;Charmeleon;Fire;NA;20;Kratzer;Heuler;Glut;Silberblick;Scratch;Growl;Ember;Leer;Normal;Normal;Fire;Normal;Normal;no_type-specific_Damage;Fire;no_type-specific_Damage;Grass;Poison;NormalGrass;no_type-specific_DamageGrass;FireGrass;no_type-specific_DamageGrass;NormalPoison;no_type-specific_DamagePoison;FirePoison;no_type-specific_DamagePoison;1;#NV;2;#NV;1;#NV;1;#NV;1;#NV;2;#NV;2;Normal;Grass;NormalFire;GrassFire;NormalNA;GrassNA;1;0.5;#NV;#NV;1;0.5;1;2;-1;11.5;18;15;11.25
27;Voltobal;Voltorb;Electric;NA;21;Tackle;Kreideschrei;Ultraschall;NA;Tackle;Screech;Sonic Boom;#NV;Normal;Normal;Normal;#NV;Normal;no_type-specific_Damage;no_type-specific_Damage;#NV;Grass;Poison;NormalGrass;no_type-specific_DamageGrass;no_type-specific_DamageGrass;#NV;NormalPoison;no_type-specific_DamagePoison;no_type-specific_DamagePoison;#NV;1;#NV;#NV;#NV;1;#NV;#NV;#NV;1;#NV;#NV;#NV;1;Normal;Grass;NormalElectric;GrassElectric;NormalNA;GrassNA;1;1;#NV;#NV;1;1;1;1;0;11.5;19;15;11.25
27;Pikachu;Pikachu;Electric;NA;18;Donnerschock;Heuler;Donnerwelle;Ruckzuckhieb;Thunder Shock;Growl;Thunder Wave;Quick Attack;Electric;Normal;Electric;Normal;Electric;no_type-specific_Damage;no_type-specific_Damage;Normal;Grass;Poison;ElectricGrass;no_type-specific_DamageGrass;no_type-specific_DamageGrass;NormalGrass;ElectricPoison;no_type-specific_DamagePoison;no_type-specific_DamagePoison;NormalPoison;0.5;#NV;#NV;1;1;#NV;#NV;1;0.5;#NV;#NV;1;1;Normal;Grass;NormalElectric;GrassElectric;NormalNA;GrassNA;1;1;#NV;#NV;1;1;1;1;0;11.5;19;15;11.25
27;Raichu;Raichu;Electric;NA;24;Donnerschock;Heuler;Donnerblitz;NA;Thunder Shock;Growl;Thunderbolt;#NV;Electric;Normal;Electric;#NV;Electric;no_type-specific_Damage;Electric;#NV;Grass;Poison;ElectricGrass;no_type-specific_DamageGrass;ElectricGrass;#NV;ElectricPoison;no_type-specific_DamagePoison;ElectricPoison;#NV;0.5;#NV;0.5;#NV;1;#NV;1;#NV;0.5;#NV;0.5;#NV;0.5;Normal;Grass;NormalElectric;GrassElectric;NormalNA;GrassNA;1;1;#NV;#NV;1;1;1;0.5;0.5;12;19;15;12.25
28;Myrapla;Oddish;Grass;Poison;18;Absorber;Giftpuder;Stachelspore;NA;Absorb;Poison Powder;Stun Spore;#NV;Grass;Poison;Grass;#NV;Grass;no_type-specific_Damage;no_type-specific_Damage;#NV;Grass;Poison;GrassGrass;no_type-specific_DamageGrass;no_type-specific_DamageGrass;#NV;GrassPoison;no_type-specific_DamagePoison;no_type-specific_DamagePoison;#NV;0.5;#NV;#NV;#NV;0.5;#NV;#NV;#NV;0.25;#NV;#NV;#NV;0.25;Normal;Grass;NormalGrass;GrassGrass;NormalPoison;GrassPoison;1;0.5;1;0.5;1;0.25;1;0.25;0.75;12.75;18;16.5;12.25
28;Knofensa;Bellsprout;Grass;Poison;18;Wachstum;Wickel;Giftpuder;Schlafpuder;Growth;Wrap;Poison Powder;Sleep Powder;Normal;Normal;Poison;Grass;no_type-specific_Damage;Normal;no_type-specific_Damage;no_type-specific_Damage;Grass;Poison;no_type-specific_DamageGrass;NormalGrass;no_type-specific_DamageGrass;no_type-specific_DamageGrass;no_type-specific_DamagePoison;NormalPoison;no_type-specific_DamagePoison;no_type-specific_DamagePoison;#NV;1;#NV;#NV;#NV;1;#NV;#NV;#NV;1;#NV;#NV;1;Normal;Grass;NormalGrass;GrassGrass;NormalPoison;GrassPoison;1;0.5;1;0.5;1;0.25;1;1;0;12.75;18;17.5;12.25
28;Myrapla;Oddish;Grass;Poison;18;Absorber;Giftpuder;Stachelspore;NA;Absorb;Poison Powder;Stun Spore;#NV;Grass;Poison;Grass;#NV;Grass;no_type-specific_Damage;no_type-specific_Damage;#NV;Grass;Poison;GrassGrass;no_type-specific_DamageGrass;no_type-specific_DamageGrass;#NV;GrassPoison;no_type-specific_DamagePoison;no_type-specific_DamagePoison;#NV;0.5;#NV;#NV;#NV;0.5;#NV;#NV;#NV;0.25;#NV;#NV;#NV;0.25;Normal;Grass;NormalGrass;GrassGrass;NormalPoison;GrassPoison;1;0.5;1;0.5;1;0.25;1;0.25;0.75;13.5;17;19;12.25
28;Knofensa;Bellsprout;Grass;Poison;18;Wachstum;Wickel;Giftpuder;Schlafpuder;Growth;Wrap;Poison Powder;Sleep Powder;Normal;Normal;Poison;Grass;no_type-specific_Damage;Normal;no_type-specific_Damage;no_type-specific_Damage;Grass;Poison;no_type-specific_DamageGrass;NormalGrass;no_type-specific_DamageGrass;no_type-specific_DamageGrass;no_type-specific_DamagePoison;NormalPoison;no_type-specific_DamagePoison;no_type-specific_DamagePoison;#NV;1;#NV;#NV;#NV;1;#NV;#NV;#NV;1;#NV;#NV;1;Normal;Grass;NormalGrass;GrassGrass;NormalPoison;GrassPoison;1;0.5;1;0.5;1;0.25;1;1;0;13.5;17;20;12.25
29;Raupy;Caterpie;Bug;NA;20;Tackle;Fadenschuss;NA;NA;Tackle;String Shot;#NV;#NV;Normal;Bug;#NV;#NV;Normal;no_type-specific_Damage;#NV;#NV;Grass;Poison;NormalGrass;no_type-specific_DamageGrass;#NV;#NV;NormalPoison;no_type-specific_DamagePoison;#NV;#NV;1;#NV;#NV;#NV;1;#NV;#NV;#NV;1;#NV;#NV;#NV;1;Normal;Grass;NormalBug;GrassBug;NormalNA;GrassNA;1;0.5;#NV;#NV;1;0.5;1;1;0;13.5;17;21;13.25
29;Hornliu;Weedle;Bug;Poison;20;Giftstachel;Fadenschuss;NA;NA;Poison Sting;String Shot;#NV;#NV;Poison;Bug;#NV;#NV;Poison;no_type-specific_Damage;#NV;#NV;Grass;Poison;PoisonGrass;no_type-specific_DamageGrass;#NV;#NV;PoisonPoison;no_type-specific_DamagePoison;#NV;#NV;2;#NV;#NV;#NV;0.5;#NV;#NV;#NV;1;#NV;#NV;#NV;1;Normal;Grass;NormalBug;GrassBug;NormalPoison;GrassPoison;1;0.5;1;0.5;1;0.25;1;1;0;13.5;17;22;14
29;Bluzuk;Venonat;Bug;Poison;20;Tackle;Aussetzer;NA;NA;Tackle;Disable;#NV;#NV;Normal;Normal;#NV;#NV;Normal;no_type-specific_Damage;#NV;#NV;Grass;Poison;NormalGrass;no_type-specific_DamageGrass;#NV;#NV;NormalPoison;no_type-specific_DamagePoison;#NV;#NV;1;#NV;#NV;#NV;1;#NV;#NV;#NV;1;#NV;#NV;#NV;1;Normal;Grass;NormalBug;GrassBug;NormalPoison;GrassPoison;1;0.5;1;0.5;1;0.25;1;1;0;13.5;17;23;14
30;Tragosso;Cubone;Ground;NA;23;Knochenkeule;Heuler;NA;NA;Bone Club;Growl;#NV;#NV;Ground;Normal;#NV;#NV;Ground;no_type-specific_Damage;#NV;#NV;Grass;Poison;GroundGrass;no_type-specific_DamageGrass;#NV;#NV;GroundPoison;no_type-specific_DamagePoison;#NV;#NV;0.5;#NV;#NV;#NV;2;#NV;#NV;#NV;1;#NV;#NV;#NV;1;Normal;Grass;NormalGround;GrassGround;NormalNA;GrassNA;1;2;#NV;#NV;1;2;2;1;1;14.5;18;22;14
30;Flegmon;Slowpoke;Water;Psychic;23;Konfusion;Aussetzer;Kopfnuss;NA;Confusion;Disable;Headbutt;#NV;Psychic;Normal;Normal;#NV;Psychic;no_type-specific_Damage;Normal;#NV;Grass;Poison;PsychicGrass;no_type-specific_DamageGrass;NormalGrass;#NV;PsychicPoison;no_type-specific_DamagePoison;NormalPoison;#NV;1;#NV;1;#NV;2;#NV;1;#NV;2;#NV;1;#NV;2;Normal;Grass;NormalWater;GrassWater;NormalPsychic;GrassPsychic;1;2;1;1;1;2;2;2;0;14.5;18;22;14
31;Flegmon;Slowpoke;Water;Psychic;25;Konfusion;Aussetzer;Kopfnuss;NA;Confusion;Disable;Headbutt;#NV;Psychic;Normal;Normal;#NV;Psychic;no_type-specific_Damage;Normal;#NV;Grass;Poison;PsychicGrass;no_type-specific_DamageGrass;NormalGrass;#NV;PsychicPoison;no_type-specific_DamagePoison;NormalPoison;#NV;1;#NV;1;#NV;2;#NV;1;#NV;2;#NV;1;#NV;2;Normal;Grass;NormalWater;GrassWater;NormalPsychic;GrassPsychic;1;2;1;1;1;2;2;2;0;14.5;18;22;14
32;Myrapla;Oddish;Grass;Poison;22;Absorber;Giftpuder;Stachelspore;Schlafpuder;Absorb;Poison Powder;Stun Spore;Sleep Powder;Grass;Poison;Grass;Grass;Grass;no_type-specific_Damage;no_type-specific_Damage;no_type-specific_Damage;Grass;Poison;GrassGrass;no_type-specific_DamageGrass;no_type-specific_DamageGrass;no_type-specific_DamageGrass;GrassPoison;no_type-specific_DamagePoison;no_type-specific_DamagePoison;no_type-specific_DamagePoison;0.5;#NV;#NV;#NV;0.5;#NV;#NV;#NV;0.25;#NV;#NV;#NV;0.25;Normal;Grass;NormalGrass;GrassGrass;NormalPoison;GrassPoison;1;0.5;1;0.5;1;0.25;1;0.25;0.75;15.25;17;23.5;14
32;Bisasam;Bulbasaur;Grass;Poison;22;Heuler;Egelsamen;Rankenhieb;Giftpuder;Growl;Leech Seed;Vine Whip;Poison Powder;Normal;Grass;Grass;Poison;no_type-specific_Damage;no_type-specific_Damage;Grass;no_type-specific_Damage;Grass;Poison;no_type-specific_DamageGrass;no_type-specific_DamageGrass;GrassGrass;no_type-specific_DamageGrass;no_type-specific_DamagePoison;no_type-specific_DamagePoison;GrassPoison;no_type-specific_DamagePoison;#NV;#NV;0.5;#NV;#NV;#NV;0.5;#NV;#NV;#NV;0.25;#NV;0.25;Normal;Grass;NormalGrass;GrassGrass;NormalPoison;GrassPoison;1;0.5;1;0.5;1;0.25;1;0.25;0.75;16;16;25;14
33;Kleinstein;Geodude;Rock;Ground;21;Tackle;Einigler;Steinwurf;Finale;Tackle;Defense Curl;Rock Throw;Self-Destruct;Normal;Normal;Rock;Normal;Normal;no_type-specific_Damage;Rock;Normal;Grass;Poison;NormalGrass;no_type-specific_DamageGrass;RockGrass;NormalGrass;NormalPoison;no_type-specific_DamagePoison;RockPoison;NormalPoison;1;#NV;1;1;1;#NV;1;1;1;#NV;1;1;1;Normal;Grass;NormalRock;GrassRock;NormalGround;GrassGround;0.5;2;1;2;0.5;4;4;1;3;19;19;24;17
33;Kleinstein;Geodude;Rock;Ground;21;Tackle;Einigler;Steinwurf;Finale;Tackle;Defense Curl;Rock Throw;Self-Destruct;Normal;Normal;Rock;Normal;Normal;no_type-specific_Damage;Rock;Normal;Grass;Poison;NormalGrass;no_type-specific_DamageGrass;RockGrass;NormalGrass;NormalPoison;no_type-specific_DamagePoison;RockPoison;NormalPoison;1;#NV;1;1;1;#NV;1;1;1;#NV;1;1;1;Normal;Grass;NormalRock;GrassRock;NormalGround;GrassGround;0.5;2;1;2;0.5;4;4;1;3;22;22;23;20
33;Georok;Graveler;Rock;Ground;23;Tackle;Einigler;Steinwurf;Finale;Tackle;Defense Curl;Rock Throw;Self-Destruct;Normal;Normal;Rock;Normal;Normal;no_type-specific_Damage;Rock;Normal;Grass;Poison;NormalGrass;no_type-specific_DamageGrass;RockGrass;NormalGrass;NormalPoison;no_type-specific_DamagePoison;RockPoison;NormalPoison;1;#NV;1;1;1;#NV;1;1;1;#NV;1;1;1;Normal;Grass;NormalRock;GrassRock;NormalGround;GrassGround;0.5;2;1;2;0.5;4;4;1;3;25;25;22;23
34;Mauzi;Meowth;Normal;NA;20;Kratzer;Heuler;Biss;Zahltag;Scratch;Growl;Bite;Pay Day;Normal;Normal;Normal;Normal;Normal;no_type-specific_Damage;Normal;Normal;Grass;Poison;NormalGrass;no_type-specific_DamageGrass;NormalGrass;NormalGrass;NormalPoison;no_type-specific_DamagePoison;NormalPoison;NormalPoison;1;#NV;1;1;1;#NV;1;1;1;#NV;1;1;1;Normal;Grass;NormalNormal;GrassNormal;NormalNA;GrassNA;1;1;#NV;#NV;1;1;1;1;0;25;25;22;23
34;Myrapla;Oddish;Grass;Poison;20;Absorber;Giftpuder;Stachelspore;Schlafpuder;Absorb;Poison Powder;Stun Spore;Sleep Powder;Grass;Poison;Grass;Grass;Grass;no_type-specific_Damage;no_type-specific_Damage;no_type-specific_Damage;Grass;Poison;GrassGrass;no_type-specific_DamageGrass;no_type-specific_DamageGrass;no_type-specific_DamageGrass;GrassPoison;no_type-specific_DamagePoison;no_type-specific_DamagePoison;no_type-specific_DamagePoison;0.5;#NV;#NV;#NV;0.5;#NV;#NV;#NV;0.25;#NV;#NV;#NV;0.25;Normal;Grass;NormalGrass;GrassGrass;NormalPoison;GrassPoison;1;0.5;1;0.5;1;0.25;1;0.25;0.75;25.75;24;23.5;23
34;Taubsi;Pidgey;Normal;Flying;20;Windstoss;Sandwirbel;Ruckzuckhieb;Wirbelwind;Gust;Sand Attack;Quick Attack;Whirlwind;Normal;Normal;Normal;Normal;Normal;no_type-specific_Damage;Normal;no_type-specific_Damage;Grass;Poison;NormalGrass;no_type-specific_DamageGrass;NormalGrass;no_type-specific_DamageGrass;NormalPoison;no_type-specific_DamagePoison;NormalPoison;no_type-specific_DamagePoison;1;#NV;1;#NV;1;#NV;1;#NV;1;#NV;1;#NV;1;Normal;Grass;NormalNormal;GrassNormal;NormalFlying;GrassFlying;1;1;1;0.5;1;0.5;1;1;0;25.75;24;23.5;24
35;Fukano;Growlithe;Fire;NA;24;Biss;BrÅller;Glut;Silberblick;Bite;Roar;Ember;Leer;Normal;Normal;Fire;Normal;Normal;no_type-specific_Damage;Fire;no_type-specific_Damage;Grass;Poison;NormalGrass;no_type-specific_DamageGrass;FireGrass;no_type-specific_DamageGrass;NormalPoison;no_type-specific_DamagePoison;FirePoison;no_type-specific_DamagePoison;1;#NV;2;#NV;1;#NV;1;#NV;1;#NV;2;#NV;2;Normal;Grass;NormalFire;GrassFire;NormalNA;GrassNA;1;0.5;#NV;#NV;1;0.5;1;2;-1;24.75;25;23.5;25
35;Vulpix;Vulpix;Fire;NA;24;Glut;Rutenschlag;Ruckzuckhieb;BrÅller;Ember;Tail Whip;Quick Attack;Roar;Fire;Normal;Normal;Normal;Fire;no_type-specific_Damage;Normal;no_type-specific_Damage;Grass;Poison;FireGrass;no_type-specific_DamageGrass;NormalGrass;no_type-specific_DamageGrass;FirePoison;no_type-specific_DamagePoison;NormalPoison;no_type-specific_DamagePoison;2;#NV;1;#NV;1;#NV;1;#NV;2;#NV;1;#NV;2;Normal;Grass;NormalFire;GrassFire;NormalNA;GrassNA;1;0.5;#NV;#NV;1;0.5;1;2;-1;23.75;26;23.5;26
36;Tauboga;Pidgeotto;Normal;Flying;25;Windstoss;Sandwirbel;Ruckzuckhieb;Wirbelwind;Gust;Sand Attack;Quick Attack;Whirlwind;Normal;Normal;Normal;Normal;Normal;no_type-specific_Damage;Normal;no_type-specific_Damage;Grass;Poison;NormalGrass;no_type-specific_DamageGrass;NormalGrass;no_type-specific_DamageGrass;NormalPoison;no_type-specific_DamagePoison;NormalPoison;no_type-specific_DamagePoison;1;#NV;1;#NV;1;#NV;1;#NV;1;#NV;1;#NV;1;Normal;Grass;NormalNormal;GrassNormal;NormalFlying;GrassFlying;1;1;1;0.5;1;0.5;1;1;0;23.75;27;23.5;27
36;Kadabra;Kadabra;Psychic;NA;20;Teleport;Konfusion;Aussetzer;NA;Teleport;Confusion;Disable;#NV;Psychic;Psychic;Normal;#NV;no_type-specific_Damage;Psychic;no_type-specific_Damage;#NV;Grass;Poison;no_type-specific_DamageGrass;PsychicGrass;no_type-specific_DamageGrass;#NV;no_type-specific_DamagePoison;PsychicPoison;no_type-specific_DamagePoison;#NV;#NV;1;#NV;#NV;#NV;2;#NV;#NV;#NV;2;#NV;#NV;2;Normal;Grass;NormalPsychic;GrassPsychic;NormalNA;GrassNA;1;1;#NV;#NV;1;1;1;2;-1;22.75;27;23.5;29
36;Owei;Exeggcute;Grass;Psychic;23;Stakkato;Hypnose;NA;NA;Barrage;Hypnosis;#NV;#NV;Normal;Psychic;#NV;#NV;Normal;no_type-specific_Damage;#NV;#NV;Grass;Poison;NormalGrass;no_type-specific_DamageGrass;#NV;#NV;NormalPoison;no_type-specific_DamagePoison;#NV;#NV;1;#NV;#NV;#NV;1;#NV;#NV;#NV;1;#NV;#NV;#NV;1;Normal;Grass;NormalGrass;GrassGrass;NormalPsychic;GrassPsychic;1;0.5;1;1;1;0.5;1;1;0;22.75;28;24.5;30
36;Garados;Gyarados;Water;Flying;22;Silberblick;Drachenwut;Biss;Hydropumpe;Leer;Dragon Rage;Bite;Hydro Pump;Normal;Dragon;Normal;Water;no_type-specific_Damage;no_type-specific_Damage;Normal;Water;Grass;Poison;no_type-specific_DamageGrass;no_type-specific_DamageGrass;NormalGrass;WaterGrass;no_type-specific_DamagePoison;no_type-specific_DamagePoison;NormalPoison;WaterPoison;#NV;#NV;1;0.5;#NV;#NV;1;1;#NV;#NV;1;0.5;1;Normal;Grass;NormalWater;GrassWater;NormalFlying;GrassFlying;1;2;1;0.5;1;1;1;1;0;22.75;28;24.5;29
36;Glutexo;Charmeleon;Fire;NA;25;Heuler;Glut;Silberblick;Raserei;Growl;Ember;Leer;Rage;Normal;Fire;Normal;Normal;no_type-specific_Damage;Fire;no_type-specific_Damage;Normal;Grass;Poison;no_type-specific_DamageGrass;FireGrass;no_type-specific_DamageGrass;NormalGrass;no_type-specific_DamagePoison;FirePoison;no_type-specific_DamagePoison;NormalPoison;#NV;2;#NV;1;#NV;1;#NV;1;#NV;2;#NV;1;2;Normal;Grass;NormalFire;GrassFire;NormalNA;GrassNA;1;0.5;#NV;#NV;1;0.5;1;2;-1;21.75;28;23.5;30
37;Nebulak;Gastly;Ghost;Poison;23;Schlecker;Konfustrahl;Nachtnebel;NA;Lick;Confuse Ray;Night Shade;#NV;Ghost;Ghost;Ghost;#NV;Ghost;no_type-specific_Damage;no_type-specific_Damage;#NV;Grass;Poison;GhostGrass;no_type-specific_DamageGrass;no_type-specific_DamageGrass;#NV;GhostPoison;no_type-specific_DamagePoison;no_type-specific_DamagePoison;#NV;1;#NV;#NV;#NV;1;#NV;#NV;#NV;1;#NV;#NV;#NV;1;Normal;Grass;NormalGhost;GrassGhost;NormalPoison;GrassPoison;0;1;1;0.5;0;0.5;0.5;1;-0.5;21.25;29;24.5;30
37;Nebulak;Gastly;Ghost;Poison;23;Schlecker;Konfustrahl;Nachtnebel;NA;Lick;Confuse Ray;Night Shade;#NV;Ghost;Ghost;Ghost;#NV;Ghost;no_type-specific_Damage;no_type-specific_Damage;#NV;Grass;Poison;GhostGrass;no_type-specific_DamageGrass;no_type-specific_DamageGrass;#NV;GhostPoison;no_type-specific_DamagePoison;no_type-specific_DamagePoison;#NV;1;#NV;#NV;#NV;1;#NV;#NV;#NV;1;#NV;#NV;#NV;1;Normal;Grass;NormalGhost;GrassGhost;NormalPoison;GrassPoison;0;1;1;0.5;0;0.5;0.5;1;-0.5;20.75;30;25.5;30
38;Nebulak;Gastly;Ghost;Poison;24;Schlecker;Konfustrahl;Nachtnebel;NA;Lick;Confuse Ray;Night Shade;#NV;Ghost;Ghost;Ghost;#NV;Ghost;no_type-specific_Damage;no_type-specific_Damage;#NV;Grass;Poison;GhostGrass;no_type-specific_DamageGrass;no_type-specific_DamageGrass;#NV;GhostPoison;no_type-specific_DamagePoison;no_type-specific_DamagePoison;#NV;1;#NV;#NV;#NV;1;#NV;#NV;#NV;1;#NV;#NV;#NV;1;Normal;Grass;NormalGhost;GrassGhost;NormalPoison;GrassPoison;0;1;1;0.5;0;0.5;0.5;1;-0.5;20.25;31;26.5;30
39;Nebulak;Gastly;Ghost;Poison;24;Schlecker;Konfustrahl;Nachtnebel;NA;Lick;Confuse Ray;Night Shade;#NV;Ghost;Ghost;Ghost;#NV;Ghost;no_type-specific_Damage;no_type-specific_Damage;#NV;Grass;Poison;GhostGrass;no_type-specific_DamageGrass;no_type-specific_DamageGrass;#NV;GhostPoison;no_type-specific_DamagePoison;no_type-specific_DamagePoison;#NV;1;#NV;#NV;#NV;1;#NV;#NV;#NV;1;#NV;#NV;#NV;1;Normal;Grass;NormalGhost;GrassGhost;NormalPoison;GrassPoison;0;1;1;0.5;0;0.5;0.5;1;-0.5;19.75;32;27.5;30
40;Zubat;Zubat;Poison;Flying;25;Blutsauger;Superschall;Biss;Konfustrahl;Leech Life;Supersonic;Bite;Confuse Ray;Bug;Normal;Normal;Ghost;Bug;no_type-specific_Damage;Normal;no_type-specific_Damage;Grass;Poison;BugGrass;no_type-specific_DamageGrass;NormalGrass;no_type-specific_DamageGrass;BugPoison;no_type-specific_DamagePoison;NormalPoison;no_type-specific_DamagePoison;2;#NV;1;#NV;2;#NV;1;#NV;4;#NV;1;#NV;4;Normal;Grass;NormalPoison;GrassPoison;NormalFlying;GrassFlying;1;0.5;1;0.5;1;0.25;1;4;-3;16.75;33;27.5;30
40;Zubat;Zubat;Poison;Flying;25;Blutsauger;Superschall;Biss;Konfustrahl;Leech Life;Supersonic;Bite;Confuse Ray;Bug;Normal;Normal;Ghost;Bug;no_type-specific_Damage;Normal;no_type-specific_Damage;Grass;Poison;BugGrass;no_type-specific_DamageGrass;NormalGrass;no_type-specific_DamageGrass;BugPoison;no_type-specific_DamagePoison;NormalPoison;no_type-specific_DamagePoison;2;#NV;1;#NV;2;#NV;1;#NV;4;#NV;1;#NV;4;Normal;Grass;NormalPoison;GrassPoison;NormalFlying;GrassFlying;1;0.5;1;0.5;1;0.25;1;4;-3;13.75;34;27.5;30
40;Golbat;Golbat;Poison;Flying;25;Kreideschrei;Biss;Superschall;Konfustrahl;Screech;Bite;Supersonic;Confuse Ray;Normal;Normal;Normal;Ghost;no_type-specific_Damage;Normal;no_type-specific_Damage;no_type-specific_Damage;Grass;Poison;no_type-specific_DamageGrass;NormalGrass;no_type-specific_DamageGrass;no_type-specific_DamageGrass;no_type-specific_DamagePoison;NormalPoison;no_type-specific_DamagePoison;no_type-specific_DamagePoison;#NV;1;#NV;#NV;#NV;1;#NV;#NV;#NV;1;#NV;#NV;1;Normal;Grass;NormalPoison;GrassPoison;NormalFlying;GrassFlying;1;0.5;1;0.5;1;0.25;1;1;0;13.75;35;27.5;31
41;Smogon;Koffing;Poison;NA;26;Tackle;Smog;NA;NA;Tackle;Smog;#NV;#NV;Normal;Poison;#NV;#NV;Normal;Poison;#NV;#NV;Grass;Poison;NormalGrass;PoisonGrass;#NV;#NV;NormalPoison;PoisonPoison;#NV;#NV;1;2;#NV;#NV;1;0.5;#NV;#NV;1;1;#NV;#NV;1;Normal;Grass;NormalPoison;GrassPoison;NormalNA;GrassNA;1;0.5;#NV;#NV;1;0.5;1;1;0;13.75;36;27.5;31
41;Traumato;Drowzee;Psychic;NA;26;Hypnose;Aussetzer;Konfusion;Kopfnuss;Hypnosis;Disable;Confusion;Headbutt;Psychic;Normal;Psychic;Normal;no_type-specific_Damage;no_type-specific_Damage;Psychic;Normal;Grass;Poison;no_type-specific_DamageGrass;no_type-specific_DamageGrass;PsychicGrass;NormalGrass;no_type-specific_DamagePoison;no_type-specific_DamagePoison;PsychicPoison;NormalPoison;#NV;#NV;1;1;#NV;#NV;2;1;#NV;#NV;2;1;2;Normal;Grass;NormalPsychic;GrassPsychic;NormalNA;GrassNA;1;1;#NV;#NV;1;1;1;2;-1;12.75;36;27.5;30
42;Zubat;Zubat;Poison;Flying;23;Blutsauger;Superschall;Biss;Konfustrahl;Leech Life;Supersonic;Bite;Confuse Ray;Bug;Normal;Normal;Ghost;Bug;no_type-specific_Damage;Normal;no_type-specific_Damage;Grass;Poison;BugGrass;no_type-specific_DamageGrass;NormalGrass;no_type-specific_DamageGrass;BugPoison;no_type-specific_DamagePoison;NormalPoison;no_type-specific_DamagePoison;2;#NV;1;#NV;2;#NV;1;#NV;4;#NV;1;#NV;4;Normal;Grass;NormalPoison;GrassPoison;NormalFlying;GrassFlying;1;0.5;1;0.5;1;0.25;1;4;-3;9.75;37;27.5;30
42;Rattfratz;Rattata;Normal;NA;23;Rutenschlag;Ruckzuckhieb;Hyperzahn;Energiefokus;Tail Whip;Quick Attack;Hyper Fang;Focus Energy;Normal;Normal;Normal;Normal;no_type-specific_Damage;Normal;Normal;no_type-specific_Damage;Grass;Poison;no_type-specific_DamageGrass;NormalGrass;NormalGrass;no_type-specific_DamageGrass;no_type-specific_DamagePoison;NormalPoison;NormalPoison;no_type-specific_DamagePoison;#NV;1;1;#NV;#NV;1;1;#NV;#NV;1;1;#NV;1;Normal;Grass;NormalNormal;GrassNormal;NormalNA;GrassNA;1;1;#NV;#NV;1;1;1;1;0;9.75;38;27.5;31
42;Rattikarl;Raticate;Normal;NA;23;Tackle;Rutenschlag;Ruckzuckhieb;Hyperzahn;Tackle;Tail Whip;Quick Attack;Hyper Fang;Normal;Normal;Normal;Normal;Normal;no_type-specific_Damage;Normal;Normal;Grass;Poison;NormalGrass;no_type-specific_DamageGrass;NormalGrass;NormalGrass;NormalPoison;no_type-specific_DamagePoison;NormalPoison;NormalPoison;1;#NV;1;1;1;#NV;1;1;1;#NV;1;1;1;Normal;Grass;NormalNormal;GrassNormal;NormalNA;GrassNA;1;1;#NV;#NV;1;1;1;1;0;9.75;39;27.5;32
42;Zubat;Zubat;Poison;Flying;23;Blutsauger;Superschall;Biss;Konfustrahl;Leech Life;Supersonic;Bite;Confuse Ray;Bug;Normal;Normal;Ghost;Bug;no_type-specific_Damage;Normal;no_type-specific_Damage;Grass;Poison;BugGrass;no_type-specific_DamageGrass;NormalGrass;no_type-specific_DamageGrass;BugPoison;no_type-specific_DamagePoison;NormalPoison;no_type-specific_DamagePoison;2;#NV;1;#NV;2;#NV;1;#NV;4;#NV;1;#NV;4;Normal;Grass;NormalPoison;GrassPoison;NormalFlying;GrassFlying;1;0.5;1;0.5;1;0.25;1;4;-3;6.75;40;27.5;32
43;Arbok;Arbok;Poison;NA;33;Silberblick;Giftstachel;Biss;Giftblick;Leer;Poison Sting;Bite;Glare;Normal;Poison;Normal;Normal;no_type-specific_Damage;Poison;Normal;no_type-specific_Damage;Grass;Poison;no_type-specific_DamageGrass;PoisonGrass;NormalGrass;no_type-specific_DamageGrass;no_type-specific_DamagePoison;PoisonPoison;NormalPoison;no_type-specific_DamagePoison;#NV;2;1;#NV;#NV;0.5;1;#NV;#NV;1;1;#NV;1;Normal;Grass;NormalPoison;GrassPoison;NormalNA;GrassNA;1;0.5;#NV;#NV;1;0.5;1;1;0;6.75;41;27.5;33
44;Tauboss;Pidgeot;Normal;Flying;37;Sandwirbel;Ruckzuckhieb;Wirbelwind;FlÅgelschlag;Sand Attack;Quick Attack;Whirlwind;Wing Attack;Normal;Normal;Normal;Flying;no_type-specific_Damage;Normal;no_type-specific_Damage;Flying;Grass;Poison;no_type-specific_DamageGrass;NormalGrass;no_type-specific_DamageGrass;FlyingGrass;no_type-specific_DamagePoison;NormalPoison;no_type-specific_DamagePoison;FlyingPoison;#NV;1;#NV;2;#NV;1;#NV;1;#NV;1;#NV;2;2;Normal;Grass;NormalNormal;GrassNormal;NormalFlying;GrassFlying;1;1;1;0.5;1;0.5;1;2;-1;5.75;42;27.5;34
44;Simsala;Alakazam;Psychic;NA;35;Konfusion;Aussetzer;Psystrahl;Genesung;Confusion;Disable;Psybeam;Recover;Psychic;Normal;Psychic;Normal;Psychic;no_type-specific_Damage;Psychic;no_type-specific_Damage;Grass;Poison;PsychicGrass;no_type-specific_DamageGrass;PsychicGrass;no_type-specific_DamageGrass;PsychicPoison;no_type-specific_DamagePoison;PsychicPoison;no_type-specific_DamagePoison;1;#NV;1;#NV;2;#NV;2;#NV;2;#NV;2;#NV;2;Normal;Grass;NormalPsychic;GrassPsychic;NormalNA;GrassNA;1;1;#NV;#NV;1;1;1;2;-1;4.75;42;27.5;36
44;Garados;Gyarados;Water;Flying;35;Biss;Drachenwut;Silberblick;Hydropumpe;Bite;Dragon Rage;Leer;Hydro Pump;Normal;Dragon;Normal;Water;Normal;no_type-specific_Damage;no_type-specific_Damage;Water;Grass;Poison;NormalGrass;no_type-specific_DamageGrass;no_type-specific_DamageGrass;WaterGrass;NormalPoison;no_type-specific_DamagePoison;no_type-specific_DamagePoison;WaterPoison;1;#NV;#NV;0.5;1;#NV;#NV;1;1;#NV;#NV;0.5;1;Normal;Grass;NormalWater;GrassWater;NormalFlying;GrassFlying;1;2;1;0.5;1;1;1;1;0;4.75;43;27.5;37
44;Owei;Exeggcute;Grass;Psychic;38;Reflektor;Hypnose;Egelsamen;Stachelspore;Reflect;Hypnosis;Leech Seed;Stun Spore;Psychic;Psychic;Grass;Grass;no_type-specific_Damage;no_type-specific_Damage;no_type-specific_Damage;no_type-specific_Damage;Grass;Poison;no_type-specific_DamageGrass;no_type-specific_DamageGrass;no_type-specific_DamageGrass;no_type-specific_DamageGrass;no_type-specific_DamagePoison;no_type-specific_DamagePoison;no_type-specific_DamagePoison;no_type-specific_DamagePoison;#NV;#NV;#NV;#NV;#NV;#NV;#NV;#NV;#NV;#NV;#NV;#NV;0;Normal;Grass;NormalGrass;GrassGrass;NormalPsychic;GrassPsychic;1;0.5;1;1;1;0.5;1;0;1;5.75;43;29.5;36
44;Glurak;Charizard;Fire;NA;40;Schlitzer;Glut;Silberblick;Raserei;Slash;Ember;Leer;Rage;Normal;Fire;Normal;Normal;Normal;Fire;no_type-specific_Damage;Normal;Grass;Poison;NormalGrass;FireGrass;no_type-specific_DamageGrass;NormalGrass;NormalPoison;FirePoison;no_type-specific_DamagePoison;NormalPoison;1;2;#NV;1;1;1;#NV;1;1;2;#NV;1;2;Normal;Grass;NormalFire;GrassFire;NormalNA;GrassNA;1;0.5;#NV;#NV;1;0.5;1;2;-1;4.75;43;28.5;37
45;Tragosso;Cubone;Ground;NA;32;Knochenkeule;Heuler;Silberblick;Energiefokus;Bone Club;Growl;Leer;Focus Energy;Ground;Normal;Normal;Normal;Ground;no_type-specific_Damage;no_type-specific_Damage;no_type-specific_Damage;Grass;Poison;GroundGrass;no_type-specific_DamageGrass;no_type-specific_DamageGrass;no_type-specific_DamageGrass;GroundPoison;no_type-specific_DamagePoison;no_type-specific_DamagePoison;no_type-specific_DamagePoison;0.5;#NV;#NV;#NV;2;#NV;#NV;#NV;1;#NV;#NV;#NV;1;Normal;Grass;NormalGround;GrassGround;NormalNA;GrassNA;1;2;#NV;#NV;1;2;2;1;1;5.75;44;29.5;37
45;Traumato;Drowzee;Psychic;NA;32;Konfusion;Kopfnuss;Giftwolke;Psychokinese;Confusion;Headbutt;Poison Gas;Psychic;Psychic;Normal;Poison;Psychic;Psychic;Normal;no_type-specific_Damage;Psychic;Grass;Poison;PsychicGrass;NormalGrass;no_type-specific_DamageGrass;PsychicGrass;PsychicPoison;NormalPoison;no_type-specific_DamagePoison;PsychicPoison;1;1;#NV;1;2;1;#NV;2;2;1;#NV;2;2;Normal;Grass;NormalPsychic;GrassPsychic;NormalNA;GrassNA;1;1;#NV;#NV;1;1;1;2;-1;4.75;44;29.5;36
45;Knogga;Marowak;Ground;NA;32;Knochenkeule;Heuler;Silberblick;Energiefokus;Bone Club;Growl;Leer;Focus Energy;Ground;Normal;Normal;Normal;Ground;no_type-specific_Damage;no_type-specific_Damage;no_type-specific_Damage;Grass;Poison;GroundGrass;no_type-specific_DamageGrass;no_type-specific_DamageGrass;no_type-specific_DamageGrass;GroundPoison;no_type-specific_DamagePoison;no_type-specific_DamagePoison;no_type-specific_DamagePoison;0.5;#NV;#NV;#NV;2;#NV;#NV;#NV;1;#NV;#NV;#NV;1;Normal;Grass;NormalGround;GrassGround;NormalNA;GrassNA;1;2;#NV;#NV;1;2;2;1;1;5.75;45;30.5;36
46;Nidorino;Nidorino;Poison;NA;37;Hornattacke;Giftstachel;Energiefokus;Furienschlag;Horn Attack;Poison Sting;Focus Energy;Fury Attack;Normal;Poison;Normal;Normal;Normal;Poison;no_type-specific_Damage;Normal;Grass;Poison;NormalGrass;PoisonGrass;no_type-specific_DamageGrass;NormalGrass;NormalPoison;PoisonPoison;no_type-specific_DamagePoison;NormalPoison;1;2;#NV;1;1;0.5;#NV;1;1;1;#NV;1;1;Normal;Grass;NormalPoison;GrassPoison;NormalNA;GrassNA;1;0.5;#NV;#NV;1;0.5;1;1;0;5.75;46;30.5;37
46;Kangama;Kangaskhan;Normal;NA;35;Kometenhieb;Raserei;Biss;Rutenschlag;Comet Punch;Rage;Bite;Tail Whip;Normal;Normal;Normal;Normal;Normal;Normal;Normal;no_type-specific_Damage;Grass;Poison;NormalGrass;NormalGrass;NormalGrass;no_type-specific_DamageGrass;NormalPoison;NormalPoison;NormalPoison;no_type-specific_DamagePoison;1;1;1;#NV;1;1;1;#NV;1;1;1;#NV;1;Normal;Grass;NormalNormal;GrassNormal;NormalNA;GrassNA;1;1;#NV;#NV;1;1;1;1;0;5.75;47;30.5;38
46;Rihorn;Rhyhorn;Ground;Rock;37;Hornattacke;Stampfer;Rutenschlag;NA;Horn Attack;Stomp;Tail Whip;#NV;Normal;Normal;Normal;#NV;Normal;Normal;no_type-specific_Damage;#NV;Grass;Poison;NormalGrass;NormalGrass;no_type-specific_DamageGrass;#NV;NormalPoison;NormalPoison;no_type-specific_DamagePoison;#NV;1;1;#NV;#NV;1;1;#NV;#NV;1;1;#NV;#NV;1;Normal;Grass;NormalGround;GrassGround;NormalRock;GrassRock;1;2;0.5;2;0.5;4;4;1;3;8.75;50;30.5;41
46;Nidoqueen;Nidoqueen;Poison;Ground;41;Kratzer;Rutenschlag;Bodyslam;Giftstachel;Scratch;Tail Whip;Body Slam;Poison Sting;Normal;Normal;Normal;Poison;Normal;no_type-specific_Damage;Normal;Poison;Grass;Poison;NormalGrass;no_type-specific_DamageGrass;NormalGrass;PoisonGrass;NormalPoison;no_type-specific_DamagePoison;NormalPoison;PoisonPoison;1;#NV;1;2;1;#NV;1;0.5;1;#NV;1;1;1;Normal;Grass;NormalPoison;GrassPoison;NormalGround;GrassGround;1;0.5;1;2;1;1;1;1;0;8.75;51;30.5;42
47;Traumato;Drowzee;Psychic;NA;31;Aussetzer;Konfusion;Kopfnuss;Giftwolke;Disable;Confusion;Headbutt;Poison Gas;Normal;Psychic;Normal;Poison;no_type-specific_Damage;Psychic;Normal;no_type-specific_Damage;Grass;Poison;no_type-specific_DamageGrass;PsychicGrass;NormalGrass;no_type-specific_DamageGrass;no_type-specific_DamagePoison;PsychicPoison;NormalPoison;no_type-specific_DamagePoison;#NV;1;1;#NV;#NV;2;1;#NV;#NV;2;1;#NV;2;Normal;Grass;NormalPsychic;GrassPsychic;NormalNA;GrassNA;1;1;#NV;#NV;1;1;1;2;-1;7.75;51;30.5;41
47;Traumato;Drowzee;Psychic;NA;31;Aussetzer;Konfusion;Kopfnuss;Giftwolke;Disable;Confusion;Headbutt;Poison Gas;Normal;Psychic;Normal;Poison;no_type-specific_Damage;Psychic;Normal;no_type-specific_Damage;Grass;Poison;no_type-specific_DamageGrass;PsychicGrass;NormalGrass;no_type-specific_DamageGrass;no_type-specific_DamagePoison;PsychicPoison;NormalPoison;no_type-specific_DamagePoison;#NV;1;1;#NV;#NV;2;1;#NV;#NV;2;1;#NV;2;Normal;Grass;NormalPsychic;GrassPsychic;NormalNA;GrassNA;1;1;#NV;#NV;1;1;1;2;-1;6.75;51;30.5;40
47;Traumato;Drowzee;Psychic;NA;31;Aussetzer;Konfusion;Kopfnuss;Giftwolke;Disable;Confusion;Headbutt;Poison Gas;Normal;Psychic;Normal;Poison;no_type-specific_Damage;Psychic;Normal;no_type-specific_Damage;Grass;Poison;no_type-specific_DamageGrass;PsychicGrass;NormalGrass;no_type-specific_DamageGrass;no_type-specific_DamagePoison;PsychicPoison;NormalPoison;no_type-specific_DamagePoison;#NV;1;1;#NV;#NV;2;1;#NV;#NV;2;1;#NV;2;Normal;Grass;NormalPsychic;GrassPsychic;NormalNA;GrassNA;1;1;#NV;#NV;1;1;1;2;-1;5.75;51;30.5;39
47;Kadabra;Kadabra;Psychic;NA;31;Konfusion;Aussetzer;Psystrahl;Genesung;Confusion;Disable;Psybeam;Recover;Psychic;Normal;Psychic;Normal;Psychic;no_type-specific_Damage;Psychic;no_type-specific_Damage;Grass;Poison;PsychicGrass;no_type-specific_DamageGrass;PsychicGrass;no_type-specific_DamageGrass;PsychicPoison;no_type-specific_DamagePoison;PsychicPoison;no_type-specific_DamagePoison;1;#NV;1;#NV;2;#NV;2;#NV;2;#NV;2;#NV;2;Normal;Grass;NormalPsychic;GrassPsychic;NormalNA;GrassNA;1;1;#NV;#NV;1;1;1;2;-1;4.75;51;30.5;38
48;Traumato;Drowzee;Psychic;NA;34;Konfusion;Kopfnuss;Giftwolke;Psychokinese;Confusion;Headbutt;Poison Gas;Psychic;Psychic;Normal;Poison;Psychic;Psychic;Normal;no_type-specific_Damage;Psychic;Grass;Poison;PsychicGrass;NormalGrass;no_type-specific_DamageGrass;PsychicGrass;PsychicPoison;NormalPoison;no_type-specific_DamagePoison;PsychicPoison;1;1;#NV;1;2;1;#NV;2;2;1;#NV;2;2;Normal;Grass;NormalPsychic;GrassPsychic;NormalNA;GrassNA;1;1;#NV;#NV;1;1;1;2;-1;3.75;51;30.5;37
48;Hypno;Hypno;Psychic;NA;34;Aussetzer;Konfusion;Kopfnuss;Giftwolke;Disable;Confusion;Headbutt;Poison Gas;Normal;Psychic;Normal;Poison;no_type-specific_Damage;Psychic;Normal;no_type-specific_Damage;Grass;Poison;no_type-specific_DamageGrass;PsychicGrass;NormalGrass;no_type-specific_DamageGrass;no_type-specific_DamagePoison;PsychicPoison;NormalPoison;no_type-specific_DamagePoison;#NV;1;1;#NV;#NV;2;1;#NV;#NV;2;1;#NV;2;Normal;Grass;NormalPsychic;GrassPsychic;NormalNA;GrassNA;1;1;#NV;#NV;1;1;1;2;-1;2.75;51;30.5;36
49;Smogon;Koffing;Poison;NA;37;Tackle;Smog;Schlammbad;Rauchwolke;Tackle;Smog;Sludge;Smokescreen;Normal;Poison;Poison;Normal;Normal;Poison;Poison;no_type-specific_Damage;Grass;Poison;NormalGrass;PoisonGrass;PoisonGrass;no_type-specific_DamageGrass;NormalPoison;PoisonPoison;PoisonPoison;no_type-specific_DamagePoison;1;2;2;#NV;1;0.5;0.5;#NV;1;1;1;#NV;1;Normal;Grass;NormalPoison;GrassPoison;NormalNA;GrassNA;1;0.5;#NV;#NV;1;0.5;1;1;0;2.75;52;30.5;37
49;Sleimok;Muk;Poison;NA;39;Aussetzer;Giftwolke;Komprimator;Schlammbad;Disable;Poison Gas;Minimize;Sludge;Normal;Poison;Normal;Poison;no_type-specific_Damage;no_type-specific_Damage;no_type-specific_Damage;Poison;Grass;Poison;no_type-specific_DamageGrass;no_type-specific_DamageGrass;no_type-specific_DamageGrass;PoisonGrass;no_type-specific_DamagePoison;no_type-specific_DamagePoison;no_type-specific_DamagePoison;PoisonPoison;#NV;#NV;#NV;2;#NV;#NV;#NV;0.5;#NV;#NV;#NV;1;1;Normal;Grass;NormalPoison;GrassPoison;NormalNA;GrassNA;1;0.5;#NV;#NV;1;0.5;1;1;0;2.75;53;30.5;38.75
49;Smogon;Koffing;Poison;NA;37;Tackle;Smog;Schlammbad;Rauchwolke;Tackle;Smog;Sludge;Smokescreen;Normal;Poison;Poison;Normal;Normal;Poison;Poison;no_type-specific_Damage;Grass;Poison;NormalGrass;PoisonGrass;PoisonGrass;no_type-specific_DamageGrass;NormalPoison;PoisonPoison;PoisonPoison;no_type-specific_DamagePoison;1;2;2;#NV;1;0.5;0.5;#NV;1;1;1;#NV;1;Normal;Grass;NormalPoison;GrassPoison;NormalNA;GrassNA;1;0.5;#NV;#NV;1;0.5;1;1;0;2.75;54;30.5;39.75
49;Smogmog;Weezing;Poison;NA;43;Smog;Schlammbad;Toxin;Finale;Smog;Sludge;Toxic;Self-Destruct;Poison;Poison;Poison;Normal;Poison;Poison;no_type-specific_Damage;Normal;Grass;Poison;PoisonGrass;PoisonGrass;no_type-specific_DamageGrass;NormalGrass;PoisonPoison;PoisonPoison;no_type-specific_DamagePoison;NormalPoison;2;2;#NV;1;0.5;0.5;#NV;1;1;1;#NV;1;1;Normal;Grass;NormalPoison;GrassPoison;NormalNA;GrassNA;1;0.5;#NV;#NV;1;0.5;1;1;0;2.75;55;30.5;40.75
50;Owei;Exeggcute;Grass;Psychic;26;Stakkato;Hypnose;Reflektor;NA;Barrage;Hypnosis;Reflect;#NV;Normal;Psychic;Psychic;#NV;Normal;no_type-specific_Damage;no_type-specific_Damage;#NV;Grass;Poison;NormalGrass;no_type-specific_DamageGrass;no_type-specific_DamageGrass;#NV;NormalPoison;no_type-specific_DamagePoison;no_type-specific_DamagePoison;#NV;1;#NV;#NV;#NV;1;#NV;#NV;#NV;1;#NV;#NV;#NV;1;Normal;Grass;NormalGrass;GrassGrass;NormalPsychic;GrassPsychic;1;0.5;1;1;1;0.5;1;1;0;2.75;56;31.5;41.75
51;Sarzenia;Victreebel;Grass;Poison;29;Rasierblatt;Wickel;Giftpuder;Schlafpuder;Razor Leaf;Wrap;Poison Powder;Sleep Powder;Grass;Normal;Poison;Grass;Grass;Normal;no_type-specific_Damage;no_type-specific_Damage;Grass;Poison;GrassGrass;NormalGrass;no_type-specific_DamageGrass;no_type-specific_DamageGrass;GrassPoison;NormalPoison;no_type-specific_DamagePoison;no_type-specific_DamagePoison;0.5;1;#NV;#NV;0.5;1;#NV;#NV;0.25;1;#NV;#NV;1;Normal;Grass;NormalGrass;GrassGrass;NormalPoison;GrassPoison;1;0.5;1;0.5;1;0.25;1;1;0;2.75;56;32.5;42.75
51;Tangela;Tangela;Grass;NA;24;Umklammerung;Klammergriff;NA;NA;Constrict;Bind;#NV;#NV;Normal;Normal;#NV;#NV;Normal;Normal;#NV;#NV;Grass;Poison;NormalGrass;NormalGrass;#NV;#NV;NormalPoison;NormalPoison;#NV;#NV;1;1;#NV;#NV;1;1;#NV;#NV;1;1;#NV;#NV;1;Normal;Grass;NormalGrass;GrassGrass;NormalNA;GrassNA;1;0.5;#NV;#NV;1;0.5;1;1;0;2.75;57;33.5;43.75
51;Giflor;Vileplume;Grass;Poison;29;BlÑttertanz;Giftpuder;Megasauger;Schlafpuder;Petal Dance;Poison Powder;Mega Drain;Sleep Powder;Grass;Poison;Grass;Grass;Grass;no_type-specific_Damage;Grass;no_type-specific_Damage;Grass;Poison;GrassGrass;no_type-specific_DamageGrass;GrassGrass;no_type-specific_DamageGrass;GrassPoison;no_type-specific_DamagePoison;GrassPoison;no_type-specific_DamagePoison;0.5;#NV;0.5;#NV;0.5;#NV;0.5;#NV;0.25;#NV;0.25;#NV;0.25;Normal;Grass;NormalGrass;GrassGrass;NormalPoison;GrassPoison;1;0.5;1;0.5;1;0.25;1;0.25;0.75;3.5;57;35.25;44.75
52;Fukano;Growlithe;Fire;NA;42;Glut;Silberblick;Bodycheck;AgilitÑt;Ember;Leer;Take Down;Agility;Fire;Normal;Normal;Psychic;Fire;no_type-specific_Damage;Normal;no_type-specific_Damage;Grass;Poison;FireGrass;no_type-specific_DamageGrass;NormalGrass;no_type-specific_DamageGrass;FirePoison;no_type-specific_DamagePoison;NormalPoison;no_type-specific_DamagePoison;2;#NV;1;#NV;1;#NV;1;#NV;2;#NV;1;#NV;2;Normal;Grass;NormalFire;GrassFire;NormalNA;GrassNA;1;0.5;#NV;#NV;1;0.5;1;2;-1;2.5;58;35.25;45.75
52;Ponita;Ponyta;Fire;NA;40;Rutenschlag;Stampfer;Heuler;Feuerwirbel;Tail Whip;Stomp;Growl;Fire Spin;Normal;Normal;Normal;Fire;no_type-specific_Damage;Normal;no_type-specific_Damage;Fire;Grass;Poison;no_type-specific_DamageGrass;NormalGrass;no_type-specific_DamageGrass;FireGrass;no_type-specific_DamagePoison;NormalPoison;no_type-specific_DamagePoison;FirePoison;#NV;1;#NV;2;#NV;1;#NV;1;#NV;1;#NV;2;2;Normal;Grass;NormalFire;GrassFire;NormalNA;GrassNA;1;0.5;#NV;#NV;1;0.5;1;2;-1;1.5;59;35.25;46.75
52;Gallopa;Rapidash;Fire;NA;42;Rutenschlag;Stampfer;Heuler;Feuerwirbel;Tail Whip;Stomp;Growl;Fire Spin;Normal;Normal;Normal;Fire;no_type-specific_Damage;Normal;no_type-specific_Damage;Fire;Grass;Poison;no_type-specific_DamageGrass;NormalGrass;no_type-specific_DamageGrass;FireGrass;no_type-specific_DamagePoison;NormalPoison;no_type-specific_DamagePoison;FirePoison;#NV;1;#NV;2;#NV;1;#NV;1;#NV;1;#NV;2;2;Normal;Grass;NormalFire;GrassFire;NormalNA;GrassNA;1;0.5;#NV;#NV;1;0.5;1;2;-1;0.5;60;35.25;47.75
52;Arkani;Arcanine;Fire;NA;47;BrÅller;Glut;Feuersturm;Bodycheck;Roar;Ember;Fire Blast;Take Down;Normal;Fire;Fire;Normal;no_type-specific_Damage;Fire;Fire;Normal;Grass;Poison;no_type-specific_DamageGrass;FireGrass;FireGrass;NormalGrass;no_type-specific_DamagePoison;FirePoison;FirePoison;NormalPoison;#NV;2;2;1;#NV;1;1;1;#NV;2;2;1;2;Normal;Grass;NormalFire;GrassFire;NormalNA;GrassNA;1;0.5;#NV;#NV;1;0.5;1;2;-1;-0.5;61;35.25;48.75
53;Kadabra;Kadabra;Psychic;NA;38;Aussetzer;Psystrahl;Genesung;Psychokinese;Disable;Psybeam;Recover;Psychic;Normal;Psychic;Normal;Psychic;no_type-specific_Damage;Psychic;no_type-specific_Damage;Psychic;Grass;Poison;no_type-specific_DamageGrass;PsychicGrass;no_type-specific_DamageGrass;PsychicGrass;no_type-specific_DamagePoison;PsychicPoison;no_type-specific_DamagePoison;PsychicPoison;#NV;1;#NV;1;#NV;2;#NV;2;#NV;2;#NV;2;2;Normal;Grass;NormalPsychic;GrassPsychic;NormalNA;GrassNA;1;1;#NV;#NV;1;1;1;2;-1;-1.5;61;35.25;47.75
53;Pantimos;Mr. Mime;Psychic;NA;37;Konfusion;Barriere;Lichtschild;Duplexhieb;Confusion;Barrier;Light Screen;Double Slap;Psychic;Psychic;Psychic;Normal;Psychic;no_type-specific_Damage;no_type-specific_Damage;Normal;Grass;Poison;PsychicGrass;no_type-specific_DamageGrass;no_type-specific_DamageGrass;NormalGrass;PsychicPoison;no_type-specific_DamagePoison;no_type-specific_DamagePoison;NormalPoison;1;#NV;#NV;1;2;#NV;#NV;1;2;#NV;#NV;1;2;Normal;Grass;NormalPsychic;GrassPsychic;NormalNA;GrassNA;1;1;#NV;#NV;1;1;1;2;-1;-2.5;61;35.25;46.75
53;Omot;Venomoth;Bug;Poison;38;Giftpuder;Blutsauger;Stachelspore;Psystrahl;Poison Powder;Leech Life;Stun Spore;Psybeam;Poison;Bug;Grass;Psychic;no_type-specific_Damage;Bug;no_type-specific_Damage;Psychic;Grass;Poison;no_type-specific_DamageGrass;BugGrass;no_type-specific_DamageGrass;PsychicGrass;no_type-specific_DamagePoison;BugPoison;no_type-specific_DamagePoison;PsychicPoison;#NV;2;#NV;1;#NV;2;#NV;2;#NV;4;#NV;2;4;Normal;Grass;NormalBug;GrassBug;NormalPoison;GrassPoison;1;0.5;1;0.5;1;0.25;1;4;-3;-5.5;61;36.25;46.75
53;Simsala;Alakazam;Psychic;NA;43;Psystrahl;Genesung;Psywelle;Reflektor;Psybeam;Recover;Psywave;Reflect;Psychic;Normal;Psychic;Psychic;Psychic;no_type-specific_Damage;no_type-specific_Damage;no_type-specific_Damage;Grass;Poison;PsychicGrass;no_type-specific_DamageGrass;no_type-specific_DamageGrass;no_type-specific_DamageGrass;PsychicPoison;no_type-specific_DamagePoison;no_type-specific_DamagePoison;no_type-specific_DamagePoison;1;#NV;#NV;#NV;2;#NV;#NV;#NV;2;#NV;#NV;#NV;2;Normal;Grass;NormalPsychic;GrassPsychic;NormalNA;GrassNA;1;1;#NV;#NV;1;1;1;2;-1;-6.5;61;36.25;45.75
54;Rihorn;Rhyhorn;Ground;Rock;43;Hornattacke;Stampfer;Rutenschlag;Furienschlag;Horn Attack;Stomp;Tail Whip;Fury Attack;Normal;Normal;Normal;Normal;Normal;Normal;no_type-specific_Damage;Normal;Grass;Poison;NormalGrass;NormalGrass;no_type-specific_DamageGrass;NormalGrass;NormalPoison;NormalPoison;no_type-specific_DamagePoison;NormalPoison;1;1;#NV;1;1;1;#NV;1;1;1;#NV;1;1;Normal;Grass;NormalGround;GrassGround;NormalRock;GrassRock;1;2;0.5;2;0.5;4;4;1;3;-3.5;64;36.25;48.75
55;Maschock;Machoke;Fighting;NA;38;Karateschlag;Fusskick;Silberblick;Energiefokus;Karate Chop;Low Kick;Leer;Focus Energy;Normal;Fighting;Normal;Normal;Normal;Fighting;no_type-specific_Damage;no_type-specific_Damage;Grass;Poison;NormalGrass;FightingGrass;no_type-specific_DamageGrass;no_type-specific_DamageGrass;NormalPoison;FightingPoison;no_type-specific_DamagePoison;no_type-specific_DamagePoison;1;1;#NV;#NV;1;0.5;#NV;#NV;1;0.5;#NV;#NV;1;Normal;Grass;NormalFighting;GrassFighting;NormalNA;GrassNA;1;1;#NV;#NV;1;1;1;1;0;-3.5;64;36.25;48.75
55;Machollo;Machop;Fighting;NA;38;Karateschlag;Fusskick;Silberblick;Energiefokus;Karate Chop;Low Kick;Leer;Focus Energy;Normal;Fighting;Normal;Normal;Normal;Fighting;no_type-specific_Damage;no_type-specific_Damage;Grass;Poison;NormalGrass;FightingGrass;no_type-specific_DamageGrass;no_type-specific_DamageGrass;NormalPoison;FightingPoison;no_type-specific_DamagePoison;no_type-specific_DamagePoison;1;1;#NV;#NV;1;0.5;#NV;#NV;1;0.5;#NV;#NV;1;Normal;Grass;NormalFighting;GrassFighting;NormalNA;GrassNA;1;1;#NV;#NV;1;1;1;1;0;-3.5;64;36.25;48.75
55;Maschock;Machoke;Fighting;NA;38;Karateschlag;Fusskick;Silberblick;Energiefokus;Karate Chop;Low Kick;Leer;Focus Energy;Normal;Fighting;Normal;Normal;Normal;Fighting;no_type-specific_Damage;no_type-specific_Damage;Grass;Poison;NormalGrass;FightingGrass;no_type-specific_DamageGrass;no_type-specific_DamageGrass;NormalPoison;FightingPoison;no_type-specific_DamagePoison;no_type-specific_DamagePoison;1;1;#NV;#NV;1;0.5;#NV;#NV;1;0.5;#NV;#NV;1;Normal;Grass;NormalFighting;GrassFighting;NormalNA;GrassNA;1;1;#NV;#NV;1;1;1;1;0;-3.5;64;36.25;48.75
56;Rihorn;Rhyhorn;Ground;Rock;45;Stampfer;Rutenschlag;Furienschlag;Hornbohrer;Stomp;Tail Whip;Fury Attack;Horn Drill;Normal;Normal;Normal;Normal;Normal;no_type-specific_Damage;Normal;no_type-specific_Damage;Grass;Poison;NormalGrass;no_type-specific_DamageGrass;NormalGrass;no_type-specific_DamageGrass;NormalPoison;no_type-specific_DamagePoison;NormalPoison;no_type-specific_DamagePoison;1;#NV;1;#NV;1;#NV;1;#NV;1;#NV;1;#NV;1;Normal;Grass;NormalGround;GrassGround;NormalRock;GrassRock;1;2;0.5;2;0.5;4;4;1;3;-0.5;67;36.25;51.75
56;Digdri;Dugtrio;Ground;NA;42;Heuler;Schaufler;Sandwirbel;Schlitzer;Growl;Dig;Sand Attack;Slash;Normal;Ground;Normal;Normal;no_type-specific_Damage;Ground;no_type-specific_Damage;Normal;Grass;Poison;no_type-specific_DamageGrass;GroundGrass;no_type-specific_DamageGrass;NormalGrass;no_type-specific_DamagePoison;GroundPoison;no_type-specific_DamagePoison;NormalPoison;#NV;0.5;#NV;1;#NV;2;#NV;1;#NV;1;#NV;1;1;Normal;Grass;NormalGround;GrassGround;NormalNA;GrassNA;1;2;#NV;#NV;1;2;2;1;1;0.5;68;36.25;51.75
56;Nidoqueen;Nidoqueen;Poison;Ground;44;Kratzer;Rutenschlag;Bodyslam;Giftstachel;Scratch;Tail Whip;Body Slam;Poison Sting;Normal;Normal;Normal;Poison;Normal;no_type-specific_Damage;Normal;Poison;Grass;Poison;NormalGrass;no_type-specific_DamageGrass;NormalGrass;PoisonGrass;NormalPoison;no_type-specific_DamagePoison;NormalPoison;PoisonPoison;1;#NV;1;2;1;#NV;1;0.5;1;#NV;1;1;1;Normal;Grass;NormalPoison;GrassPoison;NormalGround;GrassGround;1;0.5;1;2;1;1;1;1;0;0.5;69;36.25;52.75
56;Nidoking;Nidoking;Poison;Ground;45;Tackle;Hornattacke;Giftstachel;Fuchtler;Tackle;Horn Attack;Poison Sting;Thrash;Normal;Normal;Poison;Normal;Normal;Normal;Poison;Normal;Grass;Poison;NormalGrass;NormalGrass;PoisonGrass;NormalGrass;NormalPoison;NormalPoison;PoisonPoison;NormalPoison;1;1;2;1;1;1;0.5;1;1;1;1;1;1;Normal;Grass;NormalPoison;GrassPoison;NormalGround;GrassGround;1;0.5;1;2;1;1;1;1;0;0.5;70;36.25;53.75
56;Rizeros;Rhydon;Ground;Rock;50;Stampfer;Rutenschlag;Geofissur;Hornbohrer;Stomp;Tail Whip;Fissure;Horn Drill;Normal;Normal;Ground;Normal;Normal;no_type-specific_Damage;no_type-specific_Damage;no_type-specific_Damage;Grass;Poison;NormalGrass;no_type-specific_DamageGrass;no_type-specific_DamageGrass;no_type-specific_DamageGrass;NormalPoison;no_type-specific_DamagePoison;no_type-specific_DamagePoison;no_type-specific_DamagePoison;1;#NV;#NV;#NV;1;#NV;#NV;#NV;1;#NV;#NV;#NV;1;Normal;Grass;NormalGround;GrassGround;NormalRock;GrassRock;1;2;0.5;2;0.5;4;4;1;3;3.5;73;36.25;56.75
57;Tauboss;Pidgeot;Normal;Flying;47;Ruckzuckhieb;Wirbelwind;FlÅgelschlag;Sandwirbel;Quick Attack;Whirlwind;Wing Attack;Sand Attack;Normal;Normal;Flying;Normal;Normal;no_type-specific_Damage;Flying;no_type-specific_Damage;Grass;Poison;NormalGrass;no_type-specific_DamageGrass;FlyingGrass;no_type-specific_DamageGrass;NormalPoison;no_type-specific_DamagePoison;FlyingPoison;no_type-specific_DamagePoison;1;#NV;2;#NV;1;#NV;1;#NV;1;#NV;2;#NV;2;Normal;Grass;NormalNormal;GrassNormal;NormalFlying;GrassFlying;1;1;1;0.5;1;0.5;1;2;-1;2.5;74;36.25;57.75
57;Rihorn;Rhyhorn;Ground;Rock;45;Stampfer;Rutenschlag;Furienschlag;Hornattacke;Stomp;Tail Whip;Fury Attack;Horn Attack;Normal;Normal;Normal;Normal;Normal;no_type-specific_Damage;Normal;Normal;Grass;Poison;NormalGrass;no_type-specific_DamageGrass;NormalGrass;NormalGrass;NormalPoison;no_type-specific_DamagePoison;NormalPoison;NormalPoison;1;#NV;1;1;1;#NV;1;1;1;#NV;1;1;1;Normal;Grass;NormalGround;GrassGround;NormalRock;GrassRock;1;2;0.5;2;0.5;4;4;1;3;5.5;77;36.25;60.75
57;Simsala;Alakazam;Psychic;NA;50;Psychokinese;Psystrahl;Reflektor;Genesung;Psychic;Psybeam;Reflect;Recover;Psychic;Psychic;Psychic;Normal;Psychic;Psychic;no_type-specific_Damage;no_type-specific_Damage;Grass;Poison;PsychicGrass;PsychicGrass;no_type-specific_DamageGrass;no_type-specific_DamageGrass;PsychicPoison;PsychicPoison;no_type-specific_DamagePoison;no_type-specific_DamagePoison;1;1;#NV;#NV;2;2;#NV;#NV;2;2;#NV;#NV;2;Normal;Grass;NormalPsychic;GrassPsychic;NormalNA;GrassNA;1;1;#NV;#NV;1;1;1;2;-1;4.5;77;36.25;62.75
57;Garados;Gyarados;Water;Flying;47;Biss;Drachenwut;Silberblick;Hydropumpe;Bite;Dragon Rage;Leer;Hydro Pump;Normal;Dragon;Normal;Water;Normal;no_type-specific_Damage;no_type-specific_Damage;Water;Grass;Poison;NormalGrass;no_type-specific_DamageGrass;no_type-specific_DamageGrass;WaterGrass;NormalPoison;no_type-specific_DamagePoison;no_type-specific_DamagePoison;WaterPoison;1;#NV;#NV;0.5;1;#NV;#NV;1;1;#NV;#NV;0.5;1;Normal;Grass;NormalWater;GrassWater;NormalFlying;GrassFlying;1;2;1;0.5;1;1;1;1;0;4.5;78;36.25;63.75
57;Owei;Exeggcute;Grass;Psychic;45;Giftpuder;Solarstrahl;Egelsamen;Wachstum;Poison Powder;Solar Beam;Leech Seed;Growth;Poison;Grass;Grass;Normal;no_type-specific_Damage;Grass;no_type-specific_Damage;no_type-specific_Damage;Grass;Poison;no_type-specific_DamageGrass;GrassGrass;no_type-specific_DamageGrass;no_type-specific_DamageGrass;no_type-specific_DamagePoison;GrassPoison;no_type-specific_DamagePoison;no_type-specific_DamagePoison;#NV;0.5;#NV;#NV;#NV;0.5;#NV;#NV;#NV;0.25;#NV;#NV;0.25;Normal;Grass;NormalGrass;GrassGrass;NormalPsychic;GrassPsychic;1;0.5;1;1;1;0.5;1;0.25;0.75;5.25;78;38;62.75
57;Glurak;Charizard;Fire;NA;53;Schlitzer;Flammenwurf;Silberblick;Raserei;Slash;Flamethrower;Leer;Rage;Normal;Fire;Normal;Normal;Normal;Fire;no_type-specific_Damage;Normal;Grass;Poison;NormalGrass;FireGrass;no_type-specific_DamageGrass;NormalGrass;NormalPoison;FirePoison;no_type-specific_DamagePoison;NormalPoison;1;2;#NV;1;1;1;#NV;1;1;2;#NV;1;2;Normal;Grass;NormalFire;GrassFire;NormalNA;GrassNA;1;0.5;#NV;#NV;1;0.5;1;2;-1;4.25;78;37;63.75
58;Jugong;Dewgong;Water;Ice;54;Heuler;Aurorastrahl;Erholung;Bodycheck;Growl;Aurora Beam;Rest;Take Down;Normal;Ice;Psychic;Normal;no_type-specific_Damage;Ice;no_type-specific_Damage;Normal;Grass;Poison;no_type-specific_DamageGrass;IceGrass;no_type-specific_DamageGrass;NormalGrass;no_type-specific_DamagePoison;IcePoison;no_type-specific_DamagePoison;NormalPoison;#NV;2;#NV;1;#NV;1;#NV;1;#NV;2;#NV;1;2;Normal;Grass;NormalWater;GrassWater;NormalIce;GrassIce;1;2;1;1;1;2;2;2;0;4.25;79;39;63.75
58;Austos;Cloyster;Water;Ice;53;Superschall;Schnapper;Aurorastrahl;Dornkanone;Supersonic;Clamp;Aurora Beam;Spike Cannon;Normal;Water;Ice;Normal;no_type-specific_Damage;Water;Ice;Normal;Grass;Poison;no_type-specific_DamageGrass;WaterGrass;IceGrass;NormalGrass;no_type-specific_DamagePoison;WaterPoison;IcePoison;NormalPoison;#NV;0.5;2;1;#NV;1;1;1;#NV;0.5;2;1;2;Normal;Grass;NormalWater;GrassWater;NormalIce;GrassIce;1;2;1;1;1;2;2;2;0;4.25;80;41;63.75
58;Lahmus;Slowbro;Water;Psychic;54;Heuler;Aquaknarre;Panzerschutz;Amnesie;Growl;Water Gun;Withdraw;Amnesia;Normal;Water;Water;Psychic;no_type-specific_Damage;Water;no_type-specific_Damage;no_type-specific_Damage;Grass;Poison;no_type-specific_DamageGrass;WaterGrass;no_type-specific_DamageGrass;no_type-specific_DamageGrass;no_type-specific_DamagePoison;WaterPoison;no_type-specific_DamagePoison;no_type-specific_DamagePoison;#NV;0.5;#NV;#NV;#NV;1;#NV;#NV;#NV;0.5;#NV;#NV;0.5;Normal;Grass;NormalWater;GrassWater;NormalPsychic;GrassPsychic;1;2;1;1;1;2;2;0.5;1.5;5.75;80.5;40;63.75
58;Rossana;Jynx;Ice;Psychic;56;Duplexhieb;Eishieb;Bodyslam;Fuchtler;Double Slap;Ice Punch;Body Slam;Thrash;Normal;Ice;Normal;Normal;Normal;Ice;Normal;Normal;Grass;Poison;NormalGrass;IceGrass;NormalGrass;NormalGrass;NormalPoison;IcePoison;NormalPoison;NormalPoison;1;2;1;1;1;1;1;1;1;2;1;1;2;Normal;Grass;NormalIce;GrassIce;NormalPsychic;GrassPsychic;1;1;1;1;1;1;1;2;-1;4.75;80.5;40;63.75
58;Lapras;Lapras;Water;Ice;56;Bodyslam;Konfustrahl;Blizzard;Hydropumpe;Body Slam;Confuse Ray;Blizzard;Hydro Pump;Normal;Ghost;Ice;Water;Normal;no_type-specific_Damage;Ice;Water;Grass;Poison;NormalGrass;no_type-specific_DamageGrass;IceGrass;WaterGrass;NormalPoison;no_type-specific_DamagePoison;IcePoison;WaterPoison;1;#NV;2;0.5;1;#NV;1;1;1;#NV;2;0.5;2;Normal;Grass;NormalWater;GrassWater;NormalIce;GrassIce;1;2;1;1;1;2;2;2;0;4.75;81.5;42;63.75
59;Onix;Onix;Rock;Ground;53;Steinwurf;Raserei;Slam;HÑrtner;Rock Throw;Rage;Slam;Harden;Rock;Normal;Normal;Normal;Rock;Normal;Normal;no_type-specific_Damage;Grass;Poison;RockGrass;NormalGrass;NormalGrass;no_type-specific_DamageGrass;RockPoison;NormalPoison;NormalPoison;no_type-specific_DamagePoison;1;1;1;#NV;1;1;1;#NV;1;1;1;#NV;1;Normal;Grass;NormalRock;GrassRock;NormalGround;GrassGround;0.5;2;1;2;0.5;4;4;1;3;7.75;84.5;39;66.75
59;Nockchan;Hitmonchan;Fighting;NA;55;Eishieb;Donnerschlag;Megahieb;Konter;Ice Punch;Thunder Punch;Mega Punch;Counter;Ice;Electric;Normal;Fighting;Ice;Electric;Normal;no_type-specific_Damage;Grass;Poison;IceGrass;ElectricGrass;NormalGrass;no_type-specific_DamageGrass;IcePoison;ElectricPoison;NormalPoison;no_type-specific_DamagePoison;2;0.5;1;#NV;1;1;1;#NV;2;0.5;1;#NV;2;Normal;Grass;NormalFighting;GrassFighting;NormalNA;GrassNA;1;1;#NV;#NV;1;1;1;2;-1;6.75;83.5;38;65.75
59;Kicklee;Hitmonlee;Fighting;NA;55;Sprungkick;Energiefokus;Turmkick;Megakick;Jump Kick;Focus Energy;High Jump Kick;Mega Kick;Fighting;Normal;Fighting;Normal;Fighting;no_type-specific_Damage;Fighting;Normal;Grass;Poison;FightingGrass;no_type-specific_DamageGrass;FightingGrass;NormalGrass;FightingPoison;no_type-specific_DamagePoison;FightingPoison;NormalPoison;1;#NV;1;1;0.5;#NV;0.5;1;0.5;#NV;0.5;1;1;Normal;Grass;NormalFighting;GrassFighting;NormalNA;GrassNA;1;1;#NV;#NV;1;1;1;1;0;6.75;83.5;38;65.75
59;Onix;Onix;Rock;Ground;56;Steinwurf;Raserei;Slam;HÑrtner;Rock Throw;Rage;Slam;Harden;Rock;Normal;Normal;Normal;Rock;Normal;Normal;no_type-specific_Damage;Grass;Poison;RockGrass;NormalGrass;NormalGrass;no_type-specific_DamageGrass;RockPoison;NormalPoison;NormalPoison;no_type-specific_DamagePoison;1;1;1;#NV;1;1;1;#NV;1;1;1;#NV;1;Normal;Grass;NormalRock;GrassRock;NormalGround;GrassGround;0.5;2;1;2;0.5;4;4;1;3;9.75;86.5;35;68.75
59;Machomei;Machamp;Fighting;NA;58;Silberblick;Energiefokus;Geofissur;öberroller;Leer;Focus Energy;Fissure;Submission;Normal;Normal;Ground;Fighting;no_type-specific_Damage;no_type-specific_Damage;no_type-specific_Damage;Fighting;Grass;Poison;no_type-specific_DamageGrass;no_type-specific_DamageGrass;no_type-specific_DamageGrass;FightingGrass;no_type-specific_DamagePoison;no_type-specific_DamagePoison;no_type-specific_DamagePoison;FightingPoison;#NV;#NV;#NV;1;#NV;#NV;#NV;0.5;#NV;#NV;#NV;0.5;0.5;Normal;Grass;NormalFighting;GrassFighting;NormalNA;GrassNA;1;1;#NV;#NV;1;1;1;0.5;0.5;10.25;86.5;35.5;69.25
60;Gengar;Gengar;Ghost;Poison;56;Konfustrahl;Nachtnebel;Hypnose;Traumfresser;Confuse Ray;Night Shade;Hypnosis;Dream Eater;Ghost;Ghost;Psychic;Psychic;no_type-specific_Damage;no_type-specific_Damage;no_type-specific_Damage;Psychic;Grass;Poison;no_type-specific_DamageGrass;no_type-specific_DamageGrass;no_type-specific_DamageGrass;PsychicGrass;no_type-specific_DamagePoison;no_type-specific_DamagePoison;no_type-specific_DamagePoison;PsychicPoison;#NV;#NV;#NV;1;#NV;#NV;#NV;2;#NV;#NV;#NV;2;2;Normal;Grass;NormalGhost;GrassGhost;NormalPoison;GrassPoison;0;1;1;0.5;0;0.5;0.5;2;-1.5;8.75;87.5;36.5;69.25
60;Golbat;Golbat;Poison;Flying;56;Superschall;Konfustrahl;FlÅgelschlag;Dunkelnebel;Supersonic;Confuse Ray;Wing Attack;Haze;Normal;Ghost;Flying;Ice;no_type-specific_Damage;no_type-specific_Damage;Flying;no_type-specific_Damage;Grass;Poison;no_type-specific_DamageGrass;no_type-specific_DamageGrass;FlyingGrass;no_type-specific_DamageGrass;no_type-specific_DamagePoison;no_type-specific_DamagePoison;FlyingPoison;no_type-specific_DamagePoison;#NV;#NV;2;#NV;#NV;#NV;1;#NV;#NV;#NV;2;#NV;2;Normal;Grass;NormalPoison;GrassPoison;NormalFlying;GrassFlying;1;0.5;1;0.5;1;0.25;1;2;-1;7.75;88.5;36.5;70.25
60;Alpollo;Haunter;Ghost;Poison;55;Konfustrahl;Nachtnebel;Hypnose;Traumfresser;Confuse Ray;Night Shade;Hypnosis;Dream Eater;Ghost;Ghost;Psychic;Psychic;no_type-specific_Damage;no_type-specific_Damage;no_type-specific_Damage;Psychic;Grass;Poison;no_type-specific_DamageGrass;no_type-specific_DamageGrass;no_type-specific_DamageGrass;PsychicGrass;no_type-specific_DamagePoison;no_type-specific_DamagePoison;no_type-specific_DamagePoison;PsychicPoison;#NV;#NV;#NV;1;#NV;#NV;#NV;2;#NV;#NV;#NV;2;2;Normal;Grass;NormalGhost;GrassGhost;NormalPoison;GrassPoison;0;1;1;0.5;0;0.5;0.5;2;-1.5;6.25;89.5;37.5;70.25
60;Arbok;Arbok;Poison;NA;58;Biss;Giftblick;Kreideschrei;SÑure;Bite;Glare;Screech;Acid;Normal;Normal;Normal;Poison;Normal;no_type-specific_Damage;no_type-specific_Damage;Poison;Grass;Poison;NormalGrass;no_type-specific_DamageGrass;no_type-specific_DamageGrass;PoisonGrass;NormalPoison;no_type-specific_DamagePoison;no_type-specific_DamagePoison;PoisonPoison;1;#NV;#NV;2;1;#NV;#NV;0.5;1;#NV;#NV;1;1;Normal;Grass;NormalPoison;GrassPoison;NormalNA;GrassNA;1;0.5;#NV;#NV;1;0.5;1;1;0;6.25;90.5;37.5;71.25
60;Gengar;Gengar;Ghost;Poison;60;Konfustrahl;Nachtnebel;Toxin;Traumfresser;Confuse Ray;Night Shade;Toxic;Dream Eater;Ghost;Ghost;Poison;Psychic;no_type-specific_Damage;no_type-specific_Damage;no_type-specific_Damage;Psychic;Grass;Poison;no_type-specific_DamageGrass;no_type-specific_DamageGrass;no_type-specific_DamageGrass;PsychicGrass;no_type-specific_DamagePoison;no_type-specific_DamagePoison;no_type-specific_DamagePoison;PsychicPoison;#NV;#NV;#NV;1;#NV;#NV;#NV;2;#NV;#NV;#NV;2;2;Normal;Grass;NormalGhost;GrassGhost;NormalPoison;GrassPoison;0;1;1;0.5;0;0.5;0.5;2;-1.5;4.75;91.5;38.5;71.25
61;Garados;Gyarados;Water;Flying;58;Drachenwut;Silberblick;Hydropumpe;Hyperstrahl;Dragon Rage;Leer;Hydro Pump;Hyper Beam;Dragon;Normal;Water;Normal;no_type-specific_Damage;no_type-specific_Damage;Water;Normal;Grass;Poison;no_type-specific_DamageGrass;no_type-specific_DamageGrass;WaterGrass;NormalGrass;no_type-specific_DamagePoison;no_type-specific_DamagePoison;WaterPoison;NormalPoison;#NV;#NV;0.5;1;#NV;#NV;1;1;#NV;#NV;0.5;1;1;Normal;Grass;NormalWater;GrassWater;NormalFlying;GrassFlying;1;2;1;0.5;1;1;1;1;0;4.75;91.5;37.5;73.25
61;Dragonir;Dragonair;Dragon;NA;56;AgilitÑt;Slam;Drachenwut;Hyperstrahl;Agility;Slam;Dragon Rage;Hyper Beam;Psychic;Normal;Dragon;Normal;no_type-specific_Damage;Normal;no_type-specific_Damage;Normal;Grass;Poison;no_type-specific_DamageGrass;NormalGrass;no_type-specific_DamageGrass;NormalGrass;no_type-specific_DamagePoison;NormalPoison;no_type-specific_DamagePoison;NormalPoison;#NV;1;#NV;1;#NV;1;#NV;1;#NV;1;#NV;1;1;Normal;Grass;NormalDragon;GrassDragon;NormalNA;GrassNA;1;0.5;#NV;#NV;1;0.5;1;1;0;4.75;92.5;37.5;74.25
61;Dragonir;Dragonair;Dragon;NA;56;AgilitÑt;Slam;Drachenwut;Hyperstrahl;Agility;Slam;Dragon Rage;Hyper Beam;Psychic;Normal;Dragon;Normal;no_type-specific_Damage;Normal;no_type-specific_Damage;Normal;Grass;Poison;no_type-specific_DamageGrass;NormalGrass;no_type-specific_DamageGrass;NormalGrass;no_type-specific_DamagePoison;NormalPoison;no_type-specific_DamagePoison;NormalPoison;#NV;1;#NV;1;#NV;1;#NV;1;#NV;1;#NV;1;1;Normal;Grass;NormalDragon;GrassDragon;NormalNA;GrassNA;1;0.5;#NV;#NV;1;0.5;1;1;0;4.75;93.5;37.5;75.25
61;Aerodactyl;Aerodactyl;Rock;Flying;60;Superschall;Biss;Bodycheck;Hyperstrahl;Supersonic;Bite;Take Down;Hyper Beam;Normal;Normal;Normal;Normal;no_type-specific_Damage;Normal;Normal;Normal;Grass;Poison;no_type-specific_DamageGrass;NormalGrass;NormalGrass;NormalGrass;no_type-specific_DamagePoison;NormalPoison;NormalPoison;NormalPoison;#NV;1;1;1;#NV;1;1;1;#NV;1;1;1;1;Normal;Grass;NormalRock;GrassRock;NormalFlying;GrassFlying;0.5;2;1;0.5;0.5;1;1;1;0;4.75;94.5;37;76.25
61;Dragoran;Dragonite;Dragon;Flying;62;AgilitÑt;Slam;Barriere;Hyperstrahl;Agility;Slam;Barrier;Hyper Beam;Psychic;Normal;Psychic;Normal;no_type-specific_Damage;Normal;no_type-specific_Damage;Normal;Grass;Poison;no_type-specific_DamageGrass;NormalGrass;no_type-specific_DamageGrass;NormalGrass;no_type-specific_DamagePoison;NormalPoison;no_type-specific_DamagePoison;NormalPoison;#NV;1;#NV;1;#NV;1;#NV;1;#NV;1;#NV;1;1;Normal;Grass;NormalDragon;GrassDragon;NormalFlying;GrassFlying;1;0.5;1;0.5;1;0.25;1;1;0;4.75;97.5;37;79.25
62;Tauboss;Pidgeot;Normal;Flying;61;Wirbelwind;FlÅgelschlag;Himmelsfeger;Spiegeltrick;Whirlwind;Wing Attack;Sky Attack;Mirror Move;Normal;Flying;Flying;Flying;no_type-specific_Damage;Flying;Flying;no_type-specific_Damage;Grass;Poison;no_type-specific_DamageGrass;FlyingGrass;FlyingGrass;no_type-specific_DamageGrass;no_type-specific_DamagePoison;FlyingPoison;FlyingPoison;no_type-specific_DamagePoison;#NV;2;2;#NV;#NV;1;1;#NV;#NV;2;2;#NV;2;Normal;Grass;NormalNormal;GrassNormal;NormalFlying;GrassFlying;1;1;1;0.5;1;0.5;1;2;-1;3.75;98.5;37;80.25
62;Rizeros;Rhydon;Ground;Rock;61;Rutenschlag;Furienschlag;Hornbohrer;Silberblick;Tail Whip;Fury Attack;Horn Drill;Leer;Normal;Normal;Normal;Normal;no_type-specific_Damage;Normal;no_type-specific_Damage;no_type-specific_Damage;Grass;Poison;no_type-specific_DamageGrass;NormalGrass;no_type-specific_DamageGrass;no_type-specific_DamageGrass;no_type-specific_DamagePoison;NormalPoison;no_type-specific_DamagePoison;no_type-specific_DamagePoison;#NV;1;#NV;#NV;#NV;1;#NV;#NV;#NV;1;#NV;#NV;1;Normal;Grass;NormalGround;GrassGround;NormalRock;GrassRock;1;2;0.5;2;0.5;4;4;1;3;6.75;98.5;37;79.25
62;Simsala;Alakazam;Psychic;NA;59;Psystrahl;Genesung;Psychokinese;Reflektor;Psybeam;Recover;Psychic;Reflect;Psychic;Normal;Psychic;Psychic;Psychic;no_type-specific_Damage;Psychic;no_type-specific_Damage;Grass;Poison;PsychicGrass;no_type-specific_DamageGrass;PsychicGrass;no_type-specific_DamageGrass;PsychicPoison;no_type-specific_DamagePoison;PsychicPoison;no_type-specific_DamagePoison;1;#NV;1;#NV;2;#NV;2;#NV;2;#NV;2;#NV;2;Normal;Grass;NormalPsychic;GrassPsychic;NormalNA;GrassNA;1;1;#NV;#NV;1;1;1;2;-1;5.75;101.5;37;82.25
62;Garados;Gyarados;Water;Flying;63;Drachenwut;Silberblick;Hydropumpe;Hyperstrahl;Dragon Rage;Leer;Hydro Pump;Hyper Beam;Dragon;Normal;Water;Normal;no_type-specific_Damage;no_type-specific_Damage;Water;Normal;Grass;Poison;no_type-specific_DamageGrass;no_type-specific_DamageGrass;WaterGrass;NormalGrass;no_type-specific_DamagePoison;no_type-specific_DamagePoison;WaterPoison;NormalPoison;#NV;#NV;0.5;1;#NV;#NV;1;1;#NV;#NV;0.5;1;1;Normal;Grass;NormalWater;GrassWater;NormalFlying;GrassFlying;1;2;1;0.5;1;1;1;1;0;5.75;101.5;37;84.25
62;Kokowei;Exeggutor;Grass;Psychic;61;Hypnose;Stakkato;Stampfer;NA;Hypnosis;Barrage;Stomp;#NV;Psychic;Normal;Normal;#NV;no_type-specific_Damage;Normal;Normal;#NV;Grass;Poison;no_type-specific_DamageGrass;NormalGrass;NormalGrass;#NV;no_type-specific_DamagePoison;NormalPoison;NormalPoison;#NV;#NV;1;1;#NV;#NV;1;1;#NV;#NV;1;1;#NV;1;Normal;Grass;NormalGrass;GrassGrass;NormalPsychic;GrassPsychic;1;0.5;1;1;1;0.5;1;1;0;5.75;102.5;38;85.25
62;Glurak;Charizard;Fire;NA;65;Schlitzer;Feuersturm;Feuerwirbel;Raserei;Slash;Fire Blast;Fire Spin;Rage;Normal;Fire;Fire;Normal;Normal;Fire;Fire;Normal;Grass;Poison;NormalGrass;FireGrass;FireGrass;NormalGrass;NormalPoison;FirePoison;FirePoison;NormalPoison;1;2;2;1;1;1;1;1;1;2;2;1;2;Normal;Grass;NormalFire;GrassFire;NormalNA;GrassNA;1;0.5;#NV;#NV;1;0.5;1;2;-1;4.75;102.5;37;86.25
